path,archive_size,archive_sha256,status_full,full_size,full_sha256,status_lite,lite_size,lite_sha256
Adjustable.cfg,1035,32d8aa6c316f720deccde151988fca4ac2140ae0ae012a9bbc9462c864863980,diferente,315,ae4609d06abf35f7f2dcc8203231ee14cdc7ec3902e063616e2361e9f2b2690a,somente_pacote,,
CINFO.BIN,634064,4bcfe5c87f174ceacf6c4379912015511eafa08186403b90ce93a4a7b3324be8,diferente,634084,aa74d8ec1752e7acc263b3332d4d393caddb359967815ac70fab6c9382c7403b,diferente,634084,14ecbf3444da46728fec785fcdb72416d7c6d2ed846bacbf690d62c4e8ee20a2
GTASAMP10.b,195000,1e6ab86c311441f985ad5bffc1c087ba0f0309099a51e6b7e744d47656cff3e5,diferente,195000,a8b33c778a46f3d4ac7402ecbf1a9664700cb77bc7d5f9e732e188341a3f9aac,diferente,195000,3ea43abbb1bd42ead1a73323bf216969d90dc31324907c34927a4b557d77229f
SAMP/SAMP.ide,89349,898187aaa1374c8193ad02526c2fa6268b6a2320d70e18bfabd0c326dfcc460a,igual,89349,898187aaa1374c8193ad02526c2fa6268b6a2320d70e18bfabd0c326dfcc460a,igual,89349,898187aaa1374c8193ad02526c2fa6268b6a2320d70e18bfabd0c326dfcc460a
SAMP/TIMECYC.DAT,,,somente_full,56445,05b0a107e5212da484b86fc014d7b59e052633bad0ffe4557112564ac9dad1b3,somente_lite,40037,0efce1a3d36aac22bf5276f65f7a8aa411ce34bdcbe5128cef4c800f82d5754b
SAMP/WEAPON.dat,11585,033b3db45a00464fd95cb28870c97b45b0712f0ac53f3e8c586c88aaa0a420f8,igual,11585,033b3db45a00464fd95cb28870c97b45b0712f0ac53f3e8c586c88aaa0a420f8,igual,11585,033b3db45a00464fd95cb28870c97b45b0712f0ac53f3e8c586c88aaa0a420f8
SAMP/bpv.txt,1146,42745dd8c5f1bca512177dc6c6c2766f832da8021d3f1f5e7b6f932ce95f98da,somente_pacote,,,somente_pacote,,
SAMP/cef.log,,,somente_full,,,somente_lite,2863441,c51546c1a948a54d56b3c1f9916f3322588a751915a87547868240874a7b7a16
SAMP/chat.log,1772,a5be571abcec7c7424c764a97616baad1054def30a5563de1a7d1c2005547023,somente_pacote,,,somente_pacote,,
SAMP/colorcycle.dat,14627,7d4bdf6efe4ed1220db97cad413dcc8d2b87a693104c9b9e92b7ba59f36347a3,somente_pacote,,,somente_pacote,,
SAMP/crash.log,188,6efc1d223b5721a95ea3930343aba1657dec5ff0fcb43645e354fad5675b00cd,somente_pacote,,,somente_pacote,,
SAMP/crash_log.log,9,c542a1c29554513de9a3b3872df877fe90cd45c0921f8896f6d93a824300c5d2,somente_pacote,,,somente_pacote,,
SAMP/favorites.json,228,e7e8e426ea1a11d757df68433d5f7ce4796bb77ae9c3a2478de071462a1827b6,somente_pacote,,,diferente,50,a48b1c4753f3ebf3cdb604e76a291404012240422e18b69eddb2cc668f3bbbdd
SAMP/gta.dat,3789,31e7c02f95b1f0adeb077a27c38497760a66eb8d77477b67fe0422b9db6da95e,igual,3789,31e7c02f95b1f0adeb077a27c38497760a66eb8d77477b67fe0422b9db6da95e,igual,3789,31e7c02f95b1f0adeb077a27c38497760a66eb8d77477b67fe0422b9db6da95e
SAMP/handling.cfg,64532,095369ed9806929e40a31dccc6689a91f8e303ab32a1f2decb049c426456898e,diferente,64536,4118b5abc043ffcf7ce09660295ed9a897af26f1d6ef816970d959aebc257d55,diferente,64532,b6d06109441c342a000e8bec367ffac1bd949cd12690372dc01a2c025d6c0240
SAMP/jekmant_log.txt,1139,b65cf5443635bf60cb5a0ea4f6b6c56e8a8aaaff117b3e779da05ee67eb68a86,somente_pacote,,,somente_pacote,,
SAMP/main.scm,96997,b36890ecf1cb3255921b4ac15600ebb79cfbf2490aa23abccf17b1661c4b060b,igual,96997,b36890ecf1cb3255921b4ac15600ebb79cfbf2490aa23abccf17b1661c4b060b,igual,96997,b36890ecf1cb3255921b4ac15600ebb79cfbf2490aa23abccf17b1661c4b060b
SAMP/ped.ifp,,,somente_full,1433248,f7483f49080a0f833dc73ef09aa2224f99a9e90757fa5c2b7db5505cbef33eac,somente_lite,1433248,f7483f49080a0f833dc73ef09aa2224f99a9e90757fa5c2b7db5505cbef33eac
SAMP/peds.ide,36369,ffafa3844474bae2b5b5991a773933acd42d3a44d140f34d9d13321112bb9ed8,igual,36369,ffafa3844474bae2b5b5991a773933acd42d3a44d140f34d9d13321112bb9ed8,igual,36369,ffafa3844474bae2b5b5991a773933acd42d3a44d140f34d9d13321112bb9ed8
SAMP/samp.log,37134,0ab41d21d27e9ab6b5e016e53428a02552e10aa00878035239ef4d5ba02f1d06,somente_pacote,,,somente_pacote,,
SAMP/samp_log.txt,381,3fe7c72ce60307782055d223278be6deb9e38435dad45a8d74b4309cf5c28979,somente_pacote,,,somente_pacote,,
SAMP/samplog.txt,,,somente_full,,,somente_lite,1438,a6340fca93998ecf0bc88445d82edd6d3f85271a2c86b3f03f3fedce0bda3e95
SAMP/sampvoice.txt,,,somente_full,,,somente_lite,899,746cef6fd4874af262938886b9198ef53a03bdcd3a619d4e38a786c770d9c634
SAMP/script.img,184320,adf3b20e847316aefde6cbf47eeae2e77c8e9185e096c8ed9668e60bd2ff11a4,igual,184320,adf3b20e847316aefde6cbf47eeae2e77c8e9185e096c8ed9668e60bd2ff11a4,igual,184320,adf3b20e847316aefde6cbf47eeae2e77c8e9185e096c8ed9668e60bd2ff11a4
SAMP/server.ini,157,dd77a2a3bbec128a6cee56dfd9344e3d2d629975365a04f8b3f7600998989d7f,igual,157,dd77a2a3bbec128a6cee56dfd9344e3d2d629975365a04f8b3f7600998989d7f,igual,157,dd77a2a3bbec128a6cee56dfd9344e3d2d629975365a04f8b3f7600998989d7f
SAMP/settings.ini,193,fc24bf78816800ec47ae9c74221bbf8558e2617792c2e4cf0bcacbd657275e4c,diferente,349,c3766920b295172740e6534e02870b168a0f60d9e9bfc0310e5fd3ac30f069fc,diferente,464,012da7dc287d1ca05312d21af602d3d228c89cc3f3194ecac9b39b6326fc5cd5
SAMP/settings.json,265,2cbab291c5d72cb59a2f8ede4fda2c067e134d950de961493e634dc6cfe793a1,somente_pacote,,,diferente,242,373b8461eff49eb46cb276e7fa92ef6209cd533d87497d717bf520748558d4ee
SAMP/svlog.txt,7091,91bbeef8a62e18b84cd62d5ddafa591af24c29b5f91a0e998b61b264be8d5cb8,diferente,902,9bd41097d6e35528ac039cdfef9134bf908732cf0e8be8aab4ac8259abe6aa98,diferente,902,9bd41097d6e35528ac039cdfef9134bf908732cf0e8be8aab4ac8259abe6aa98
SAMP/timecyc.dat,56445,05b0a107e5212da484b86fc014d7b59e052633bad0ffe4557112564ac9dad1b3,somente_pacote,,,somente_pacote,,
SAMP/tracks2.dat,1,5feceb66ffc86f38d952786c6d696c79c2dbc239dd4e91b46729d73a27fb57e9,igual,1,5feceb66ffc86f38d952786c6d696c79c2dbc239dd4e91b46729d73a27fb57e9,igual,1,5feceb66ffc86f38d952786c6d696c79c2dbc239dd4e91b46729d73a27fb57e9
SAMP/tracks4.dat,1,5feceb66ffc86f38d952786c6d696c79c2dbc239dd4e91b46729d73a27fb57e9,igual,1,5feceb66ffc86f38d952786c6d696c79c2dbc239dd4e91b46729d73a27fb57e9,igual,1,5feceb66ffc86f38d952786c6d696c79c2dbc239dd4e91b46729d73a27fb57e9
SAMP/vehicleAudioSettings.cfg,22642,c0efbb30d5680e25a16cf986ce6d91c8e33968d99d4b6c883e5a0020f370d63a,igual,22642,c0efbb30d5680e25a16cf986ce6d91c8e33968d99d4b6c883e5a0020f370d63a,igual,22642,c0efbb30d5680e25a16cf986ce6d91c8e33968d99d4b6c883e5a0020f370d63a
SAMP/vehicles.ide,21093,2d70455cda1ed89da9cc1a995ccb2539899b84360a2411c887d88617365ead37,igual,21093,2d70455cda1ed89da9cc1a995ccb2539899b84360a2411c887d88617365ead37,igual,21093,2d70455cda1ed89da9cc1a995ccb2539899b84360a2411c887d88617365ead37
SAMP/voice.log,68,873adbaf777c6d1b60a3b8a359cf5db17b49f86b11ef971dbd497b1b5337f785,somente_pacote,,,somente_pacote,,
SAMP/voiceconfig.ini,382,0b987c4d2fd20a066e377900b0799e1f0609fcdd47cf8f31ba3f7696d18026bf,somente_pacote,,,somente_pacote,,
anim/anim.img,10942464,bdde1f918fb12e4b4b9e46927f8a0281b6d80b85551b716e74cca68c6c9138ae,igual,10942464,bdde1f918fb12e4b4b9e46927f8a0281b6d80b85551b716e74cca68c6c9138ae,igual,10942464,bdde1f918fb12e4b4b9e46927f8a0281b6d80b85551b716e74cca68c6c9138ae
anim/cuts.img,16029696,2c14266a47364899b654c224571773483b1127e878ca49a86662af59ee3edc3c,diferente,270096384,28d9b9002ac5479106c06ce0fc390120f24e0ac2a2395517badbcbd0adf502cb,igual,16029696,2c14266a47364899b654c224571773483b1127e878ca49a86662af59ee3edc3c
anim/ped.ifp,3778466,3ffb25b29a43ce08b960e59696c0aab29cf0fa0609c82341dec163e7266cb437,diferente,5779584,bfba0f8740d181b11e5fc7e115d904fe5f20a0a6e9ce27d64d4b17b48028d25e,diferente,1433248,f7483f49080a0f833dc73ef09aa2224f99a9e90757fa5c2b7db5505cbef33eac
audio/CONFIG/AudioEventHistory.txt,114056,bdc80c1cb520ae10c7952af4d402e0a3802901eb724f44e9de6007fc8b810dc0,igual,114056,bdc80c1cb520ae10c7952af4d402e0a3802901eb724f44e9de6007fc8b810dc0,igual,114056,bdc80c1cb520ae10c7952af4d402e0a3802901eb724f44e9de6007fc8b810dc0
audio/CONFIG/BankLkup.dat,8520,b89a66ddef4e5da74c4c13abb38a9aa7985397bee45b00e080da89f07a1eee50,igual,8520,b89a66ddef4e5da74c4c13abb38a9aa7985397bee45b00e080da89f07a1eee50,igual,8520,b89a66ddef4e5da74c4c13abb38a9aa7985397bee45b00e080da89f07a1eee50
audio/CONFIG/BankSlot.dat,216902,aa7035f9c914cd3b73f9535b2794a10febeebfbcdb166d340d875093eab71e72,igual,216902,aa7035f9c914cd3b73f9535b2794a10febeebfbcdb166d340d875093eab71e72,igual,216902,aa7035f9c914cd3b73f9535b2794a10febeebfbcdb166d340d875093eab71e72
audio/CONFIG/EventVol.dat,45402,ad8bab3deff68a93787566dab34b33d37876ba9e15308386e2166837024059a8,igual,45402,ad8bab3deff68a93787566dab34b33d37876ba9e15308386e2166837024059a8,igual,45402,ad8bab3deff68a93787566dab34b33d37876ba9e15308386e2166837024059a8
audio/CONFIG/PakFiles.dat,468,36bc8f4814d4ef4dc3b7c43ae5c26f0de1feeda1bc15cdf2250456d2927bc57c,igual,468,36bc8f4814d4ef4dc3b7c43ae5c26f0de1feeda1bc15cdf2250456d2927bc57c,igual,468,36bc8f4814d4ef4dc3b7c43ae5c26f0de1feeda1bc15cdf2250456d2927bc57c
audio/CONFIG/SOUNDINF.DAT,746760,639b880be8c20dd35b2a8702f2ec466946cf8ed44b8f3fd0a74fb8342af16d99,igual,746760,639b880be8c20dd35b2a8702f2ec466946cf8ed44b8f3fd0a74fb8342af16d99,igual,746760,639b880be8c20dd35b2a8702f2ec466946cf8ed44b8f3fd0a74fb8342af16d99
audio/CONFIG/StrmPaks.dat,272,03e32ee0efb3505d0cea13952370d24a417799b085946087c851060d4120dea0,igual,272,03e32ee0efb3505d0cea13952370d24a417799b085946087c851060d4120dea0,igual,272,03e32ee0efb3505d0cea13952370d24a417799b085946087c851060d4120dea0
audio/CONFIG/TRKHEAD.DAT,15506696,6474abc1c02ed8647caca1c107e0d067cce2715021f9420c009c0f763ad1c0e4,igual,15506696,6474abc1c02ed8647caca1c107e0d067cce2715021f9420c009c0f763ad1c0e4,igual,15506696,6474abc1c02ed8647caca1c107e0d067cce2715021f9420c009c0f763ad1c0e4
audio/CONFIG/TrakLkup.dat,23064,adf22fcdfe798c7ad59f1b8fbf6a71574fbf06f1ca39a074ad2b3163c341c0d9,igual,23064,adf22fcdfe798c7ad59f1b8fbf6a71574fbf06f1ca39a074ad2b3163c341c0d9,igual,23064,adf22fcdfe798c7ad59f1b8fbf6a71574fbf06f1ca39a074ad2b3163c341c0d9
audio/SFX/FEET.osw,488142,e1d910443d0a03724d75a6bc34dfbf3657128ff65440cb27e6459a267bacdded,diferente,138118,d43473f63e8379f65be9eb9f43ca3218bfd7cc1769041f0a417b25da3f332336,diferente,138118,d43473f63e8379f65be9eb9f43ca3218bfd7cc1769041f0a417b25da3f332336
audio/SFX/FEET.osw.idx,1220,f284d889de74e87f930ea744a39a4c77337b1f278f36064a2fb44008b9d460a0,diferente,1220,13debe852688a01ff4e2f789f939747922e19ae59c59287b4f601095669e20d6,diferente,1220,13debe852688a01ff4e2f789f939747922e19ae59c59287b4f601095669e20d6
audio/SFX/GENRL.osw,51349909,cf3a62a4e248e4fcaad3bab2cae547015658790925fa00731f0a7b4ca05d9124,diferente,30980976,9f729936899c93a2c82187e36b3b917b70eb5b623c71229ee6fe2caed41323ab,diferente,9362373,3d469654805f1c457bdcdd8025f4e8840b3d6674503be53709484d8680544328
audio/SFX/GENRL.osw.idx,21028,51e99062fc55a012d39db3c4a38d431262c9ab3b8257b6e3f8e85a7570a1e842,diferente,20932,a9afebde07f31db9bbc5528f867b53c835001004edf854534c0aa1381011418a,diferente,20868,dbdf66a159e3a4d855cbc1ca56df5e575025cb6b928ff04448c37f2f70df2c9a
audio/SFX/PAIN_A.osw,3247335,b6e917e21c007e394b76b0d1f7121b5f1c6f397073de3554b8b56599104816e1,igual,3247335,b6e917e21c007e394b76b0d1f7121b5f1c6f397073de3554b8b56599104816e1,igual,3247335,b6e917e21c007e394b76b0d1f7121b5f1c6f397073de3554b8b56599104816e1
audio/SFX/PAIN_A.osw.idx,12836,6f64edb08e2a7e0895a70a2467d6e848e2cffcb189adaf2d74a014189060ea43,igual,12836,6f64edb08e2a7e0895a70a2467d6e848e2cffcb189adaf2d74a014189060ea43,igual,12836,6f64edb08e2a7e0895a70a2467d6e848e2cffcb189adaf2d74a014189060ea43
audio/STREAMS/AA.osw,63250,34153fa0aa12b1ece78c1be8dadb42416c2c9f08e8ed0a3a4d1a7ee6c578fa0d,diferente,15462,b9ef847a3745a45819fd5b56a72e15909e2dacadf36f40dfe1f494c6deeeb5d2,diferente,15462,b9ef847a3745a45819fd5b56a72e15909e2dacadf36f40dfe1f494c6deeeb5d2
audio/STREAMS/AA.osw.idx,1522,39b0ecc079832ab8ef8fe4fa82f38eb350e465041bf8b0364ade0afb6a73f60c,diferente,1522,0971a591a39cc7aa2ee6071e1a87b3571e708fc0446ec083068a075c9f396466,diferente,1522,0971a591a39cc7aa2ee6071e1a87b3571e708fc0446ec083068a075c9f396466
audio/STREAMS/ADVERTS.osw,113788483,29f8e8b86f025019bb83671d0038df8fc012ea754ad77f250518988a1b4fc424,diferente,3516982,ca963094f2b6d8600e3a7ad5c1cb82794c739615f9dfd0e1518966406a5d8aab,diferente,3516982,ca963094f2b6d8600e3a7ad5c1cb82794c739615f9dfd0e1518966406a5d8aab
audio/STREAMS/ADVERTS.osw.idx,671,10ed578ee40e727e6ecb321e784cb47da24038a8afb3988b502770c62b3d224e,diferente,1591,d2cdf4c804cef5f74f9548b8bb2cf5cd72a7b86665d8b2e493882e50bb3cb998,diferente,1591,d2cdf4c804cef5f74f9548b8bb2cf5cd72a7b86665d8b2e493882e50bb3cb998
audio/STREAMS/AMBIENCE.osw,23798784,76fdb339be6e7489287d78154cc2745fb54680ba0f697738c9d605bb31fdd0cd,diferente,22719112,fbe8d0c10cf5af252496e2a5729efae6e0afe37004d5905d872cf6dcc83fe272,diferente,22719112,fbe8d0c10cf5af252496e2a5729efae6e0afe37004d5905d872cf6dcc83fe272
audio/STREAMS/AMBIENCE.osw.idx,924,dd8eb110cb728ada4190ad8eb6696110e9f6dcb6cace45c3ca6c041f67a9f627,diferente,924,d763e98e94b87349f748e02943a02eff06b8daac448b5da6f09b0f09db9c4e83,diferente,924,d763e98e94b87349f748e02943a02eff06b8daac448b5da6f09b0f09db9c4e83
audio/STREAMS/AMBIENCE.osw.temp,,,somente_full,,,somente_lite,10629733,8c71f0daa491709f504feb00c71bbef76c5abf65e23eaec4544c2b1f50e72b65
audio/STREAMS/BEATS.osw,6838908,6cec4cebc03b03e081284e1da656fd02b01336f573f1d4d64d54fa902a007a3c,diferente,9415375,fcc146dddf929869ae0d40bdb21d8b5463689a6f8b9c432dd028d907c9f432b2,diferente,9415375,fcc146dddf929869ae0d40bdb21d8b5463689a6f8b9c432dd028d907c9f432b2
audio/STREAMS/BEATS.osw.idx,234,d9fdfe8b5268b8a0cfcefd5b6f07894b66a67c1ce17e5a8a5fc479e489bb23e3,diferente,234,1d3e87031cbaf9c1d7be0a33265d548ec39d4a3e8840ed8c6bdeea4e3b734c09,diferente,234,1d3e87031cbaf9c1d7be0a33265d548ec39d4a3e8840ed8c6bdeea4e3b734c09
audio/STREAMS/CH.osw,124562,8df35dd99c4b69d5f420ddb25c1582d4850d44ad29b46a380ad071995e843660,diferente,62865835,8b533f5da13bc62acbdf8dbd81f2c8a1b47ecdc632c43250d7098504d2df2fba,diferente,15462,b9ef847a3745a45819fd5b56a72e15909e2dacadf36f40dfe1f494c6deeeb5d2
audio/STREAMS/CH.osw.idx,2994,5a6e7764d6f30f4a0f41fc5b7e6b55002dbedfc162f9e52275f8b0699eee3ac2,diferente,2994,410886d91d55a0503c1de64114bf1c32b2ef6a1b4d8f0a3e110037e25de071a3,diferente,2994,410886d91d55a0503c1de64114bf1c32b2ef6a1b4d8f0a3e110037e25de071a3
audio/STREAMS/CO.osw,148512,ee8b92f0857d739db8a06a825e0983642042938140eca6503d2cd4f5c24ab298,diferente,66802857,ba3a48220c7835f7cbbc2357ef0868cd567de370944b206ba62c0af302817d1f,diferente,15462,b9ef847a3745a45819fd5b56a72e15909e2dacadf36f40dfe1f494c6deeeb5d2
audio/STREAMS/CO.osw.idx,3569,4d9965e40955168c8c955d990096e31fd324d8e383f6eaf94604b3935af532ad,diferente,3569,19456d22267ec974b8b0c47dbf767e36faf020a78c99bc3b059c1149b5c14817,diferente,3569,19456d22267ec974b8b0c47dbf767e36faf020a78c99bc3b059c1149b5c14817
audio/STREAMS/CR.osw,149470,c6434b3d6ccfffbcf3898c9af42412de54d2effec85ab5c1855075bd11681e4b,diferente,81812254,00c34578723cd523cf8697a209f51fec9f2de64237a57c86b2193886d5476ad4,diferente,15462,b9ef847a3745a45819fd5b56a72e15909e2dacadf36f40dfe1f494c6deeeb5d2
audio/STREAMS/CR.osw.idx,3592,89b8f3fa28588182e352cdb3f689e0abada17f1077b9cce8bc72d0e500861a9c,diferente,3592,892f71d599d6bbd532ca7a908f41f6aabe5eee4eceea5bd0f0f85ad2778c3f01,diferente,3592,892f71d599d6bbd532ca7a908f41f6aabe5eee4eceea5bd0f0f85ad2778c3f01
audio/STREAMS/CUTSCENE.osw,301175,0fcbd6cb6aea4f51eddb8b9213ccd5cc9445422d4d4eeedb9c457b2bdc1d13a1,igual,301175,0fcbd6cb6aea4f51eddb8b9213ccd5cc9445422d4d4eeedb9c457b2bdc1d13a1,igual,301175,0fcbd6cb6aea4f51eddb8b9213ccd5cc9445422d4d4eeedb9c457b2bdc1d13a1
audio/STREAMS/CUTSCENE.osw.idx,3247,e7baeb71062f2e1c90e1f7c010d5106b616e59efb876b7524a31f6ca740b75ca,igual,3247,e7baeb71062f2e1c90e1f7c010d5106b616e59efb876b7524a31f6ca740b75ca,igual,3247,e7baeb71062f2e1c90e1f7c010d5106b616e59efb876b7524a31f6ca740b75ca
audio/STREAMS/DS.osw,171504,7bfc5c209c803bef4c5a669a673e4bcde5ca5a894bb31c21f69105bf14fdf510,diferente,86264026,f6d409e24346430fd1dad9255deb4a45e16e87c810d3c0fe7cef50147bf199b1,diferente,15462,b9ef847a3745a45819fd5b56a72e15909e2dacadf36f40dfe1f494c6deeeb5d2
audio/STREAMS/DS.osw.idx,4121,0c5254113cd83ae02222a9bf4595d2fec62ac968175e3632d4532abd81d77e3b,diferente,4121,a0cfa467b9c1930454b6eada3030516624301d5f8aba87ee421b7c63d88f4780,diferente,4121,a0cfa467b9c1930454b6eada3030516624301d5f8aba87ee421b7c63d88f4780
audio/STREAMS/HC.osw,110192,7b746a5b3f8cba4dccc14b554f9ea8b891e6f8528f69b3c2ebf2309aed467f63,diferente,15462,b9ef847a3745a45819fd5b56a72e15909e2dacadf36f40dfe1f494c6deeeb5d2,diferente,15462,b9ef847a3745a45819fd5b56a72e15909e2dacadf36f40dfe1f494c6deeeb5d2
audio/STREAMS/HC.osw.idx,2649,1ee77caff75e5009f42d0fcc5605e9d8811413776c63447c5416ce8ee5cf132d,diferente,2649,baf0fc96a4818b1499969853fb144c7a4ef2f1dfe171a7bd2559dffc2c7c15a9,diferente,2649,baf0fc96a4818b1499969853fb144c7a4ef2f1dfe171a7bd2559dffc2c7c15a9
audio/STREAMS/MH.osw,145638,2285424648de9d61b3078ca6eabd8cf64fc6692e8f79cbd6294d8cb3a5b7ccf2,diferente,85491622,45b955c98f1d607a9195a781ab340de1c6720d3f2c9546747cd83582f57ec47a,diferente,15462,b9ef847a3745a45819fd5b56a72e15909e2dacadf36f40dfe1f494c6deeeb5d2
audio/STREAMS/MH.osw.idx,3500,be85c2e39d0ca192d8c69580ad3d37f66526b290013e427b4ed506ce4f943ccf,diferente,3500,f1adc4158f6dbb439f4bd7ead85e5a7b8059c1b8c62596180c9759725d20b086,diferente,3500,f1adc4158f6dbb439f4bd7ead85e5a7b8059c1b8c62596180c9759725d20b086
audio/STREAMS/MR.osw,140848,dc98e535459e4121de484302e0879d3f22f5366017402f1395174c3031621fc8,diferente,75862516,bb9463230981c09dd6cff033dbc407bb6256f4d2182b0f09725af39370be845f,diferente,15462,b9ef847a3745a45819fd5b56a72e15909e2dacadf36f40dfe1f494c6deeeb5d2
audio/STREAMS/MR.osw.idx,3385,9624ed8ab109340d03ff872bf7c825921c5c7b3c677df01301335d48d8573e16,diferente,3385,1b8fdc4235c359f2a4da186db4cc4dbccc50f81fac0fccf38cc1cf221b4f8e9d,diferente,3385,1b8fdc4235c359f2a4da186db4cc4dbccc50f81fac0fccf38cc1cf221b4f8e9d
audio/STREAMS/NJ.osw,124562,86b7883d3d614a6cd786f67cf6475b56926b7ac9a45ab1ab179979bf188efb63,diferente,63382570,c331147278772158433e47018d920c6fd619d458f9079ce6a931aeb49c3c80f9,diferente,15462,b9ef847a3745a45819fd5b56a72e15909e2dacadf36f40dfe1f494c6deeeb5d2
audio/STREAMS/NJ.osw.idx,2994,27c2cd2caa627517ad8619b5c342d94daf73850bf991cb05ecc47dfca5ab3289,diferente,2994,5d2d5be662fe6b4b1ef40b1a70294fd7874ca03f721cf590f3e0afe0569d7131,diferente,2994,5d2d5be662fe6b4b1ef40b1a70294fd7874ca03f721cf590f3e0afe0569d7131
audio/STREAMS/RE.osw,154260,522e5a69b3fa1ab1a83776109c542c7b7dae39477d4c70d779fd1ae2b9cf51a3,diferente,82050256,f89e2f6ef0ec1d9358353199255c104e010cd95f2718ef7f568ba2144416f6f4,diferente,15462,b9ef847a3745a45819fd5b56a72e15909e2dacadf36f40dfe1f494c6deeeb5d2
audio/STREAMS/RE.osw.idx,3707,7044a8b81c03003e2b051edf06ca7a7c591d5756638c16c93cb72841d09e31ea,diferente,3707,c252bdb2ef7babde7eb84566983818120a6b183b1e2acb7c5e1ac2cb9a84af01,diferente,3707,c252bdb2ef7babde7eb84566983818120a6b183b1e2acb7c5e1ac2cb9a84af01
audio/STREAMS/RG.osw,162882,bed916db207940a56ff7c7843a40af20c97611737cd7119f5c569806b4e6ee17,diferente,89282838,c3a136f3b68fc01774fe8446f8a6417c716e04a8305660d0c3e422bf5ff50086,diferente,15462,b9ef847a3745a45819fd5b56a72e15909e2dacadf36f40dfe1f494c6deeeb5d2
audio/STREAMS/RG.osw.idx,3914,e9650b845df4e4ea0c98e5e607a999082ee851f9dd4319bd1058c3d49046fbb5,diferente,3914,7cebfddfa09229b0fd7673f71c0555f9eca9315c9b1c8463914cd6da26b48197,diferente,3914,7cebfddfa09229b0fd7673f71c0555f9eca9315c9b1c8463914cd6da26b48197
audio/STREAMS/TK.osw,96780,22e92e300ecc9dbb5e54d183c9693e7963dcafbea0f0cc3a5e6c78487f16e31a,diferente,15462,b9ef847a3745a45819fd5b56a72e15909e2dacadf36f40dfe1f494c6deeeb5d2,diferente,15462,b9ef847a3745a45819fd5b56a72e15909e2dacadf36f40dfe1f494c6deeeb5d2
audio/STREAMS/TK.osw.idx,2327,d34d11ba05964e64ff60f63fcf88ada74de78403c47aa8cf76ad219575cf6f55,diferente,2327,db3f6081c7d8c605e34b3daa7f7033f0efb335a0fc478944a7ba1b599c545926,diferente,2327,db3f6081c7d8c605e34b3daa7f7033f0efb335a0fc478944a7ba1b599c545926
data/360Default1280x720.cfg,10898,b26d40d280bf93dc685668b099c303b2a0700dd9f0460307d5643cbad70c6ca6,igual,10898,b26d40d280bf93dc685668b099c303b2a0700dd9f0460307d5643cbad70c6ca6,igual,10898,b26d40d280bf93dc685668b099c303b2a0700dd9f0460307d5643cbad70c6ca6
data/360Default960x720.cfg,10888,142128a657affbbe4dabbc2c992c58890cb8fa5157e72d95fbbe50c3194011fd,igual,10888,142128a657affbbe4dabbc2c992c58890cb8fa5157e72d95fbbe50c3194011fd,igual,10888,142128a657affbbe4dabbc2c992c58890cb8fa5157e72d95fbbe50c3194011fd
data/Decision/Allowed/Cop.ped,4908,d91e13fb6aaf0be786e32fd37a68cf0425cef9fbc23742222d31d1ff312a8150,igual,4908,d91e13fb6aaf0be786e32fd37a68cf0425cef9fbc23742222d31d1ff312a8150,igual,4908,d91e13fb6aaf0be786e32fd37a68cf0425cef9fbc23742222d31d1ff312a8150
data/Decision/Allowed/Fireman.ped,4435,cb9a75b87d6960e51a12a4d896f099e5ed1576d76d7946a0570f10e98872de54,igual,4435,cb9a75b87d6960e51a12a4d896f099e5ed1576d76d7946a0570f10e98872de54,igual,4435,cb9a75b87d6960e51a12a4d896f099e5ed1576d76d7946a0570f10e98872de54
data/Decision/Allowed/GangMbr.ped,6194,c2653aba07c5c04017b44797cc4f1d2899da9e4d36ac6420ca22b5600172f57d,igual,6194,c2653aba07c5c04017b44797cc4f1d2899da9e4d36ac6420ca22b5600172f57d,igual,6194,c2653aba07c5c04017b44797cc4f1d2899da9e4d36ac6420ca22b5600172f57d
data/Decision/Allowed/Indoors.ped,2809,53dc5665a42bd47d9dc8be8d7a2440b5722b10940186c000235213cb8c1d8fe1,igual,2809,53dc5665a42bd47d9dc8be8d7a2440b5722b10940186c000235213cb8c1d8fe1,igual,2809,53dc5665a42bd47d9dc8be8d7a2440b5722b10940186c000235213cb8c1d8fe1
data/Decision/Allowed/MISSION.grp,2758,1a97a3018d9a852b699beb1904af4ae8ed1b7aab5fe1742e59917fb29eda2af6,igual,2758,1a97a3018d9a852b699beb1904af4ae8ed1b7aab5fe1742e59917fb29eda2af6,igual,2758,1a97a3018d9a852b699beb1904af4ae8ed1b7aab5fe1742e59917fb29eda2af6
data/Decision/Allowed/RANDOM.grp,4623,d4848b45f3fa6b8c9fb15b4bee0c7ee8b42a1a8ccc9e6bdfa01f1d5ab0522265,igual,4623,d4848b45f3fa6b8c9fb15b4bee0c7ee8b42a1a8ccc9e6bdfa01f1d5ab0522265,igual,4623,d4848b45f3fa6b8c9fb15b4bee0c7ee8b42a1a8ccc9e6bdfa01f1d5ab0522265
data/Decision/Allowed/RANDOM.ped,4142,fa99612c55e6b8ffc76170fc56567f57a7153f47173c1b2a065d4ef4b8299bfe,igual,4142,fa99612c55e6b8ffc76170fc56567f57a7153f47173c1b2a065d4ef4b8299bfe,igual,4142,fa99612c55e6b8ffc76170fc56567f57a7153f47173c1b2a065d4ef4b8299bfe
data/Decision/Allowed/RANDOM2.grp,4623,4a3f855271adb3dc41a91a7595281fd534d64768596195037ccd1cd01318352a,igual,4623,4a3f855271adb3dc41a91a7595281fd534d64768596195037ccd1cd01318352a,igual,4623,4a3f855271adb3dc41a91a7595281fd534d64768596195037ccd1cd01318352a
data/Decision/Allowed/R_Norm.ped,6450,33175de3da4445186551bf2aeadacd4f706879cbbe47411c73fd228d41fdb30c,igual,6450,33175de3da4445186551bf2aeadacd4f706879cbbe47411c73fd228d41fdb30c,igual,6450,33175de3da4445186551bf2aeadacd4f706879cbbe47411c73fd228d41fdb30c
data/Decision/Allowed/R_Tough.ped,6378,fd8d95ea1b3915983380eb48efa124883fecd5069157c8673d0a111e7ecdb1c9,igual,6378,fd8d95ea1b3915983380eb48efa124883fecd5069157c8673d0a111e7ecdb1c9,igual,6378,fd8d95ea1b3915983380eb48efa124883fecd5069157c8673d0a111e7ecdb1c9
data/Decision/Allowed/R_Weak.ped,6289,41f15594c0c639475f904b3ee09474f8ceac9f504345f421cf6f740f8287e60d,igual,6289,41f15594c0c639475f904b3ee09474f8ceac9f504345f421cf6f740f8287e60d,igual,6289,41f15594c0c639475f904b3ee09474f8ceac9f504345f421cf6f740f8287e60d
data/Decision/Allowed/m_empty.ped,982,df0e18f0148152c98132381927b617140fc6e8967a68085cc630cbe734e0c9b5,igual,982,df0e18f0148152c98132381927b617140fc6e8967a68085cc630cbe734e0c9b5,igual,982,df0e18f0148152c98132381927b617140fc6e8967a68085cc630cbe734e0c9b5
data/Decision/Allowed/m_norm.ped,4142,fa99612c55e6b8ffc76170fc56567f57a7153f47173c1b2a065d4ef4b8299bfe,igual,4142,fa99612c55e6b8ffc76170fc56567f57a7153f47173c1b2a065d4ef4b8299bfe,igual,4142,fa99612c55e6b8ffc76170fc56567f57a7153f47173c1b2a065d4ef4b8299bfe
data/Decision/Allowed/m_plyr.ped,2000,261b87d08b49ce72c3f9d02201bae15889f2a9ff65798e704fcf53098fbd304e,igual,2000,261b87d08b49ce72c3f9d02201bae15889f2a9ff65798e704fcf53098fbd304e,igual,2000,261b87d08b49ce72c3f9d02201bae15889f2a9ff65798e704fcf53098fbd304e
data/Decision/Allowed/m_steal.ped,3663,635372cb7c36134f4bfdd1ae343763ad3d814db7b19fef7eb34a2ca48ed48ec4,igual,3663,635372cb7c36134f4bfdd1ae343763ad3d814db7b19fef7eb34a2ca48ed48ec4,igual,3663,635372cb7c36134f4bfdd1ae343763ad3d814db7b19fef7eb34a2ca48ed48ec4
data/Decision/Allowed/m_tough.ped,3980,99129a3281653e428cea13b6fb626d21bed6381849f92e11b5638f1f3c23687d,igual,3980,99129a3281653e428cea13b6fb626d21bed6381849f92e11b5638f1f3c23687d,igual,3980,99129a3281653e428cea13b6fb626d21bed6381849f92e11b5638f1f3c23687d
data/Decision/Allowed/m_weak.ped,4062,5e97f56b79986532d76d401a1929c1c3879bcae6377face62f0ed9976b28a6d6,igual,4062,5e97f56b79986532d76d401a1929c1c3879bcae6377face62f0ed9976b28a6d6,igual,4062,5e97f56b79986532d76d401a1929c1c3879bcae6377face62f0ed9976b28a6d6
data/Decision/PedEvent.txt,1298,c61a077262a419b15a14961341144a96795f45d49014deb6fa98aa0e180400be,igual,1298,c61a077262a419b15a14961341144a96795f45d49014deb6fa98aa0e180400be,igual,1298,c61a077262a419b15a14961341144a96795f45d49014deb6fa98aa0e180400be
data/ShopUVs.dat,30509,4b74b27a88807e5fe2ac9ec7d21dbd1198d1f3447db2d1bc745bf7a82d487183,igual,30509,4b74b27a88807e5fe2ac9ec7d21dbd1198d1f3447db2d1bc745bf7a82d487183,igual,30509,4b74b27a88807e5fe2ac9ec7d21dbd1198d1f3447db2d1bc745bf7a82d487183
data/TouchDefaultPhone3x2.cfg,10912,59704c4caa1fe09942708ac9ae1e35c72446664e3e817c602b79ae3ca754b8df,igual,10912,59704c4caa1fe09942708ac9ae1e35c72446664e3e817c602b79ae3ca754b8df,igual,10912,59704c4caa1fe09942708ac9ae1e35c72446664e3e817c602b79ae3ca754b8df
data/TouchDefaultPhoneWidescreen.cfg,10924,8b5f1208d4a178c631588797d370dda8a43095d09360987cf5b5d90b4d324f03,igual,10924,8b5f1208d4a178c631588797d370dda8a43095d09360987cf5b5d90b4d324f03,igual,10924,8b5f1208d4a178c631588797d370dda8a43095d09360987cf5b5d90b4d324f03
data/TouchDefaultTablet4x3.cfg,10926,1e3fd9c4bd4ea8093e8fae76243a1abf32c694be481139c32e133666c90acb29,igual,10926,1e3fd9c4bd4ea8093e8fae76243a1abf32c694be481139c32e133666c90acb29,igual,10926,1e3fd9c4bd4ea8093e8fae76243a1abf32c694be481139c32e133666c90acb29
data/TouchDefaultTabletWidescreen.cfg,10923,c728569e368244dc777764cfcc689aeff81fdbd2b1e1d2527f9ec49ee8d051bf,igual,10923,c728569e368244dc777764cfcc689aeff81fdbd2b1e1d2527f9ec49ee8d051bf,igual,10923,c728569e368244dc777764cfcc689aeff81fdbd2b1e1d2527f9ec49ee8d051bf
data/animgrp.dat,3096,012b10d891840c48e0f282fdef7700673a12fe6c568a7ac9127c21095808aef8,igual,3096,012b10d891840c48e0f282fdef7700673a12fe6c568a7ac9127c21095808aef8,igual,3096,012b10d891840c48e0f282fdef7700673a12fe6c568a7ac9127c21095808aef8
data/ar_stats.dat,3593,3f8a184d088dc25e166ff0bb067286b5dcac2398de21d3bb4e00b43956d31d25,igual,3593,3f8a184d088dc25e166ff0bb067286b5dcac2398de21d3bb4e00b43956d31d25,igual,3593,3f8a184d088dc25e166ff0bb067286b5dcac2398de21d3bb4e00b43956d31d25
data/carcols.dat,15361,4d43183de25aeb1b02ceb370883ac4ea8bbd3fc3fb9167418f8fbfd005ea7219,igual,15361,4d43183de25aeb1b02ceb370883ac4ea8bbd3fc3fb9167418f8fbfd005ea7219,igual,15361,4d43183de25aeb1b02ceb370883ac4ea8bbd3fc3fb9167418f8fbfd005ea7219
data/cargrp.dat,3963,40670294c436e9d96ae30095cc720eba1655615be9a8810a079b81ebe64b6124,diferente,4026,35a13cd0bbfea7b84e91f6d4b89e7e672cfdd04f25181ffe07180d0224273fc9,diferente,3909,196dc47c03225969aa95a0ef1e2a53bdbcf197223905a495fb96bf9ca08e8d01
data/carmods.dat,9110,64f8811b676094f62157272e41f8ccf017082ca31993f2ec8ac4dc29e731d40f,diferente,8763,674cd3e5e0f5393bbe5323b053efb57e9b3c67d37694a911ff065d7a7f1967f2,diferente,8763,674cd3e5e0f5393bbe5323b053efb57e9b3c67d37694a911ff065d7a7f1967f2
data/cheatStrings.dat,,,somente_full,4322,01749df995932d0bbc5d032907bedbe16ba89dcb564bb536f1783f1eb63845f3,somente_lite,4322,01749df995932d0bbc5d032907bedbe16ba89dcb564bb536f1783f1eb63845f3
data/clothes.dat,5317,5fff15c81a5f8c32f4d3dff22ad6748c9b8c0a45af7b9f67e22fb2b9ae05c593,igual,5317,5fff15c81a5f8c32f4d3dff22ad6748c9b8c0a45af7b9f67e22fb2b9ae05c593,igual,5317,5fff15c81a5f8c32f4d3dff22ad6748c9b8c0a45af7b9f67e22fb2b9ae05c593
data/colorcycle.dat,14627,7d4bdf6efe4ed1220db97cad413dcc8d2b87a693104c9b9e92b7ba59f36347a3,diferente,14627,07773f1d88ab8b21ffdd103b71fb2153d18d7b7a708df1169250c56336f8ac24,diferente,13612,d04a9eb1cfa3ae2124fafe5993a2b20438b73124145e47c5981ef73e613babf1
data/default.dat,577,3abbdd89a94c73c93efa95b1657e339ba25f51e84787ff63e5b5c443951fecab,igual,577,3abbdd89a94c73c93efa95b1657e339ba25f51e84787ff63e5b5c443951fecab,igual,577,3abbdd89a94c73c93efa95b1657e339ba25f51e84787ff63e5b5c443951fecab
data/default.ide,4679,3aea4d74891f77602e1e7e32e3dfd6716fcccf257e87f7ab43c57f64339ff8c2,igual,4679,3aea4d74891f77602e1e7e32e3dfd6716fcccf257e87f7ab43c57f64339ff8c2,igual,4679,3aea4d74891f77602e1e7e32e3dfd6716fcccf257e87f7ab43c57f64339ff8c2
data/fixLagRockstarMobile.dat,123320,a5a0ba104cf907880bd413ad944a327f4a98823c5aedb70ce49cc650b4a76990,somente_pacote,,,somente_pacote,,
data/fonts.dat,3576,173185446d11a5490ecb80ba67d37995eaf11ab8a3f465b6bfd1fcdbc1aeae69,igual,3576,173185446d11a5490ecb80ba67d37995eaf11ab8a3f465b6bfd1fcdbc1aeae69,igual,3576,173185446d11a5490ecb80ba67d37995eaf11ab8a3f465b6bfd1fcdbc1aeae69
data/furnitur.dat,16480,d7184e6ced806097582e38605f7f860e0070d05e8a2bdb84d6d6b0df8a92791a,igual,16480,d7184e6ced806097582e38605f7f860e0070d05e8a2bdb84d6d6b0df8a92791a,igual,16480,d7184e6ced806097582e38605f7f860e0070d05e8a2bdb84d6d6b0df8a92791a
data/gridref.dat,1498,62108eed8a03f4e61f16f83f750e54cbb894660a5c2ad104a086919dfbe13188,igual,1498,62108eed8a03f4e61f16f83f750e54cbb894660a5c2ad104a086919dfbe13188,igual,1498,62108eed8a03f4e61f16f83f750e54cbb894660a5c2ad104a086919dfbe13188
data/gta.dat,3776,391881940700b84d9d4a263374a9543e04ec816f3f76f54fdbcabe533f094c01,igual,3776,391881940700b84d9d4a263374a9543e04ec816f3f76f54fdbcabe533f094c01,igual,3776,391881940700b84d9d4a263374a9543e04ec816f3f76f54fdbcabe533f094c01
data/gtasa_melee_config.dat,,,somente_full,1157,5cd3eb4fb3323bae539c521b82481a4c44aee92faa9044cbaff6079728518da1,somente_lite,1157,5cd3eb4fb3323bae539c521b82481a4c44aee92faa9044cbaff6079728518da1
data/gtasa_radarBlipSpriteFilenames.dat,,,somente_full,2280,ad1c9abc352591ed71f50b6b328ed11810039a07787484474662b7646b15cb71,somente_lite,2280,ad1c9abc352591ed71f50b6b328ed11810039a07787484474662b7646b15cb71
data/gtasa_trainTypeCarriages.dat,,,somente_full,667,70c6b627bdef7e8afca83f8e51c4d17b46c13eb869cbb9ae447c5cb9f15a2fb8,somente_lite,667,70c6b627bdef7e8afca83f8e51c4d17b46c13eb869cbb9ae447c5cb9f15a2fb8
data/gtasa_vehicleAudioSettings.cfg,,,somente_full,46721,550dda7d202382e14c0aa2816a242aab697a40be3109a528c01353a9ca6b07d5,somente_lite,46721,550dda7d202382e14c0aa2816a242aab697a40be3109a528c01353a9ca6b07d5
data/gtasa_weapon_config.dat,,,somente_full,10220,3a71293cd5b4e3fc13ef4f31a8eb3d90b50708435c4a9698186d4b5f59ba19ec,somente_lite,10220,3a71293cd5b4e3fc13ef4f31a8eb3d90b50708435c4a9698186d4b5f59ba19ec
data/handling.cfg,64532,b92ac29688bba19c1ed63a1dd3bb51fe02b12571a8f9419fa9aa4e2dff6153b7,diferente,64536,4118b5abc043ffcf7ce09660295ed9a897af26f1d6ef816970d959aebc257d55,diferente,64532,1309562b6cc6fb0c9983190383e62ded03d033f42eb1bf8f6b858cb93073e22f
data/info.zon,28139,9396cf9b7bec5a797fa4614ee7ab578d910ed5cdd9d475adfb35801612ec8058,igual,28139,9396cf9b7bec5a797fa4614ee7ab578d910ed5cdd9d475adfb35801612ec8058,igual,28139,9396cf9b7bec5a797fa4614ee7ab578d910ed5cdd9d475adfb35801612ec8058
data/map.zon,436,4f78672e3ee70a1f5e09cd9acebe23f0597a39e275bf493a1f1c29ccfd268775,igual,436,4f78672e3ee70a1f5e09cd9acebe23f0597a39e275bf493a1f1c29ccfd268775,igual,436,4f78672e3ee70a1f5e09cd9acebe23f0597a39e275bf493a1f1c29ccfd268775
data/maps/Audiozon.ipl,10802,43c552f2da0491b476778edaa6f233076fa6c35cf31773d30e9033b450c8d421,igual,10802,43c552f2da0491b476778edaa6f233076fa6c35cf31773d30e9033b450c8d421,igual,10802,43c552f2da0491b476778edaa6f233076fa6c35cf31773d30e9033b450c8d421
data/maps/LA/LAe.ide,12249,cc114af79b56e2cce26d61d5d8c68211c057d0dd7a61b32cd0ecc582853b22eb,igual,12249,cc114af79b56e2cce26d61d5d8c68211c057d0dd7a61b32cd0ecc582853b22eb,igual,12249,cc114af79b56e2cce26d61d5d8c68211c057d0dd7a61b32cd0ecc582853b22eb
data/maps/LA/LAe.ipl,27328,356c7c7812ae16de67ea816177e802500fc93024cda877d2d20dbd1a9f0f9596,igual,27328,356c7c7812ae16de67ea816177e802500fc93024cda877d2d20dbd1a9f0f9596,igual,27328,356c7c7812ae16de67ea816177e802500fc93024cda877d2d20dbd1a9f0f9596
data/maps/LA/LAe2.ide,21907,157059c2a0503a815ff98418be5fdb1e67f156986033ea538c69652613b286d5,igual,21907,157059c2a0503a815ff98418be5fdb1e67f156986033ea538c69652613b286d5,igual,21907,157059c2a0503a815ff98418be5fdb1e67f156986033ea538c69652613b286d5
data/maps/LA/LAe2.ipl,33651,0e0b143e3fd217b41dc79cb390627eba2e8d508054d10bc14d38b499a1ddd818,igual,33651,0e0b143e3fd217b41dc79cb390627eba2e8d508054d10bc14d38b499a1ddd818,igual,33651,0e0b143e3fd217b41dc79cb390627eba2e8d508054d10bc14d38b499a1ddd818
data/maps/LA/LAhills.ide,10601,2cb585a103cd40701c742beec319055b722f10f3f3558e60438b5325e490f2dd,igual,10601,2cb585a103cd40701c742beec319055b722f10f3f3558e60438b5325e490f2dd,igual,10601,2cb585a103cd40701c742beec319055b722f10f3f3558e60438b5325e490f2dd
data/maps/LA/LAhills.ipl,34506,eadb547f99169093c1ba2596ec79a4574d178f1832066391cb37d08a04e831fb,igual,34506,eadb547f99169093c1ba2596ec79a4574d178f1832066391cb37d08a04e831fb,igual,34506,eadb547f99169093c1ba2596ec79a4574d178f1832066391cb37d08a04e831fb
data/maps/LA/LAn.ide,11107,4b2d4cb5d602486382d306c4bf2c22e994142b3e9b27f1409ed7b6e480921bd6,igual,11107,4b2d4cb5d602486382d306c4bf2c22e994142b3e9b27f1409ed7b6e480921bd6,igual,11107,4b2d4cb5d602486382d306c4bf2c22e994142b3e9b27f1409ed7b6e480921bd6
data/maps/LA/LAn.ipl,14264,5552050a2a13f273569ac50f7a518a79eee5589b1c3858487b46c0baac7aee5c,igual,14264,5552050a2a13f273569ac50f7a518a79eee5589b1c3858487b46c0baac7aee5c,igual,14264,5552050a2a13f273569ac50f7a518a79eee5589b1c3858487b46c0baac7aee5c
data/maps/LA/LAn2.ide,9565,d8d61f557ea211a2bc57a01d6634d6ef6bb3a46c6cbd94e9d4efb1bd8fa5d2ba,igual,9565,d8d61f557ea211a2bc57a01d6634d6ef6bb3a46c6cbd94e9d4efb1bd8fa5d2ba,igual,9565,d8d61f557ea211a2bc57a01d6634d6ef6bb3a46c6cbd94e9d4efb1bd8fa5d2ba
data/maps/LA/LAn2.ipl,13185,aa255df62b7182d939deab0e49c08aa93fd920d6a80eb44587b01d30a09cffe9,igual,13185,aa255df62b7182d939deab0e49c08aa93fd920d6a80eb44587b01d30a09cffe9,igual,13185,aa255df62b7182d939deab0e49c08aa93fd920d6a80eb44587b01d30a09cffe9
data/maps/LA/LAs.ide,12575,c5873baebb10ea25d1c6067f4f83316af22109722efe1f88a0e4d21e3e834164,igual,12575,c5873baebb10ea25d1c6067f4f83316af22109722efe1f88a0e4d21e3e834164,igual,12575,c5873baebb10ea25d1c6067f4f83316af22109722efe1f88a0e4d21e3e834164
data/maps/LA/LAs.ipl,22414,70d0b22da567a271ed9658675378bdbc14adda507ba59f58a280375d98d0211a,igual,22414,70d0b22da567a271ed9658675378bdbc14adda507ba59f58a280375d98d0211a,igual,22414,70d0b22da567a271ed9658675378bdbc14adda507ba59f58a280375d98d0211a
data/maps/LA/LAs2.ide,12364,79c6508be5ce34d9c29631ef4b5014db73c5fc46ca161ee9a37f6b40e867457f,igual,12364,79c6508be5ce34d9c29631ef4b5014db73c5fc46ca161ee9a37f6b40e867457f,igual,12364,79c6508be5ce34d9c29631ef4b5014db73c5fc46ca161ee9a37f6b40e867457f
data/maps/LA/LAs2.ipl,38441,6028feed65f354037c7c32478d23da46b4f72d91b6d5cbf21600807d8895abeb,igual,38441,6028feed65f354037c7c32478d23da46b4f72d91b6d5cbf21600807d8895abeb,igual,38441,6028feed65f354037c7c32478d23da46b4f72d91b6d5cbf21600807d8895abeb
data/maps/LA/LAw.ide,9412,f7a2b1cfcbf2785b41d9773c47d0235b0e636ea5dc53395a599649688ddbcc2e,igual,9412,f7a2b1cfcbf2785b41d9773c47d0235b0e636ea5dc53395a599649688ddbcc2e,igual,9412,f7a2b1cfcbf2785b41d9773c47d0235b0e636ea5dc53395a599649688ddbcc2e
data/maps/LA/LAw.ipl,15105,00b70d30638e0054695d9628e299fcc778a0c6959ad28b252d3a4388aac4233a,igual,15105,00b70d30638e0054695d9628e299fcc778a0c6959ad28b252d3a4388aac4233a,igual,15105,00b70d30638e0054695d9628e299fcc778a0c6959ad28b252d3a4388aac4233a
data/maps/LA/LAw2.ide,11060,a9c0b8a67b3d56157735a9f652c37e2a060104f4d05b6e099a7fb46a0766e1fa,igual,11060,a9c0b8a67b3d56157735a9f652c37e2a060104f4d05b6e099a7fb46a0766e1fa,igual,11060,a9c0b8a67b3d56157735a9f652c37e2a060104f4d05b6e099a7fb46a0766e1fa
data/maps/LA/LAw2.ipl,18232,90dd7ed249acb2a5da8b1261f7ddd91d6c5bfc960599a09f4c0043c1dd2b7407,igual,18232,90dd7ed249acb2a5da8b1261f7ddd91d6c5bfc960599a09f4c0043c1dd2b7407,igual,18232,90dd7ed249acb2a5da8b1261f7ddd91d6c5bfc960599a09f4c0043c1dd2b7407
data/maps/LA/LAxref.ide,10477,8d4f508d062fb0bbb7c9a5bc90c7070e833e4b5043097d457db763f504802745,igual,10477,8d4f508d062fb0bbb7c9a5bc90c7070e833e4b5043097d457db763f504802745,igual,10477,8d4f508d062fb0bbb7c9a5bc90c7070e833e4b5043097d457db763f504802745
data/maps/LA/LaWn.ide,13092,3c5e12e83a8fb39c45961dcb02a183522b00166f87a8e97caccffb4298daf2da,igual,13092,3c5e12e83a8fb39c45961dcb02a183522b00166f87a8e97caccffb4298daf2da,igual,13092,3c5e12e83a8fb39c45961dcb02a183522b00166f87a8e97caccffb4298daf2da
data/maps/LA/LaWn.ipl,24330,b34a1e49bf3b2b4569fdcf69e5f1525394ec49e6cdcc13d6ede7b99468272c94,igual,24330,b34a1e49bf3b2b4569fdcf69e5f1525394ec49e6cdcc13d6ede7b99468272c94,igual,24330,b34a1e49bf3b2b4569fdcf69e5f1525394ec49e6cdcc13d6ede7b99468272c94
data/maps/SF/SFSe.ide,30227,9dcb6531a47753c918eefc009a741339b22dc47d2aec9f965aab04f9fa4a9d34,igual,30227,9dcb6531a47753c918eefc009a741339b22dc47d2aec9f965aab04f9fa4a9d34,igual,30227,9dcb6531a47753c918eefc009a741339b22dc47d2aec9f965aab04f9fa4a9d34
data/maps/SF/SFSe.ipl,53359,a04ff8e238acd0de906d903225741b779a73ce8206a13ff034fcdfa2a768ebd5,igual,53359,a04ff8e238acd0de906d903225741b779a73ce8206a13ff034fcdfa2a768ebd5,igual,53359,a04ff8e238acd0de906d903225741b779a73ce8206a13ff034fcdfa2a768ebd5
data/maps/SF/SFe.ide,16224,96fe8a76d0da486a739ec3f20c58ceda11cd20777eed200b8a10df7bb5f34528,igual,16224,96fe8a76d0da486a739ec3f20c58ceda11cd20777eed200b8a10df7bb5f34528,igual,16224,96fe8a76d0da486a739ec3f20c58ceda11cd20777eed200b8a10df7bb5f34528
data/maps/SF/SFe.ipl,26707,0b8bb34c554b247c8aed8e309b710be27bcee66ca029323215ed6efe10eedd1c,igual,26707,0b8bb34c554b247c8aed8e309b710be27bcee66ca029323215ed6efe10eedd1c,igual,26707,0b8bb34c554b247c8aed8e309b710be27bcee66ca029323215ed6efe10eedd1c
data/maps/SF/SFn.ide,11219,e54fe3b0043d8265c8c4d130c0d9fcf16ada6f02a1d5063e82097b6e042fbe55,igual,11219,e54fe3b0043d8265c8c4d130c0d9fcf16ada6f02a1d5063e82097b6e042fbe55,igual,11219,e54fe3b0043d8265c8c4d130c0d9fcf16ada6f02a1d5063e82097b6e042fbe55
data/maps/SF/SFn.ipl,26201,cc169fe857e1da974d3605ba112452d7de0832455582e317d75ff8619fd4f73a,igual,26201,cc169fe857e1da974d3605ba112452d7de0832455582e317d75ff8619fd4f73a,igual,26201,cc169fe857e1da974d3605ba112452d7de0832455582e317d75ff8619fd4f73a
data/maps/SF/SFs.ide,18948,5a7a642e48f68018626aac64aa47627fd4ae75d7c535a2bb86449e78c6565e53,igual,18948,5a7a642e48f68018626aac64aa47627fd4ae75d7c535a2bb86449e78c6565e53,igual,18948,5a7a642e48f68018626aac64aa47627fd4ae75d7c535a2bb86449e78c6565e53
data/maps/SF/SFs.ipl,37969,c0e6be2722cde673af3e20d827fd16d145d0a6e21fac80644aef01c2610357f3,igual,37969,c0e6be2722cde673af3e20d827fd16d145d0a6e21fac80644aef01c2610357f3,igual,37969,c0e6be2722cde673af3e20d827fd16d145d0a6e21fac80644aef01c2610357f3
data/maps/SF/SFw.ide,16473,9b2cea3761c5f95326d77c8989cf0f14f0755c483f667819e01e32f7733b0d0e,igual,16473,9b2cea3761c5f95326d77c8989cf0f14f0755c483f667819e01e32f7733b0d0e,igual,16473,9b2cea3761c5f95326d77c8989cf0f14f0755c483f667819e01e32f7733b0d0e
data/maps/SF/SFw.ipl,29247,b9da860c8d35d2326c2f6fdaf4bc49f16f5b2844256ba3b0d0541bdfacce8e69,igual,29247,b9da860c8d35d2326c2f6fdaf4bc49f16f5b2844256ba3b0d0541bdfacce8e69,igual,29247,b9da860c8d35d2326c2f6fdaf4bc49f16f5b2844256ba3b0d0541bdfacce8e69
data/maps/SF/SFxref.ide,4631,efdbdbfff67a9b8a71d4b8b250505911966708e15a3627fa8550a7063085de00,igual,4631,efdbdbfff67a9b8a71d4b8b250505911966708e15a3627fa8550a7063085de00,igual,4631,efdbdbfff67a9b8a71d4b8b250505911966708e15a3627fa8550a7063085de00
data/maps/country/countn2.ide,35439,b10daef34bdaeda8141ab755fb71069c44a7a5ae645f2d8c96891d23d7d8acde,igual,35439,b10daef34bdaeda8141ab755fb71069c44a7a5ae645f2d8c96891d23d7d8acde,igual,35439,b10daef34bdaeda8141ab755fb71069c44a7a5ae645f2d8c96891d23d7d8acde
data/maps/country/countn2.ipl,41665,3afc8a78a31cb41299136687debcf69740cf8bd965bbd17762ecbe9345bef9ab,igual,41665,3afc8a78a31cb41299136687debcf69740cf8bd965bbd17762ecbe9345bef9ab,igual,41665,3afc8a78a31cb41299136687debcf69740cf8bd965bbd17762ecbe9345bef9ab
data/maps/country/countryN.ide,11308,0e29f8d6ef0294e3e430109a0fcb27fff783de16b8877d81370ad348ba1397ff,igual,11308,0e29f8d6ef0294e3e430109a0fcb27fff783de16b8877d81370ad348ba1397ff,igual,11308,0e29f8d6ef0294e3e430109a0fcb27fff783de16b8877d81370ad348ba1397ff
data/maps/country/countryN.ipl,14407,b5367cea8b049e11c1069b1a0bde8435ebc36a1f589fa36624a81f373ab6bbde,igual,14407,b5367cea8b049e11c1069b1a0bde8435ebc36a1f589fa36624a81f373ab6bbde,igual,14407,b5367cea8b049e11c1069b1a0bde8435ebc36a1f589fa36624a81f373ab6bbde
data/maps/country/countryS.ide,18450,5180fe4fce5401a86d9060fd1f375ab145af799cdf1e4eb0f5e7433563b4146f,igual,18450,5180fe4fce5401a86d9060fd1f375ab145af799cdf1e4eb0f5e7433563b4146f,igual,18450,5180fe4fce5401a86d9060fd1f375ab145af799cdf1e4eb0f5e7433563b4146f
data/maps/country/countryS.ipl,33835,4237ab09567168a36564f55217c26c637460d6df9c2326180f7cab7d366afed1,igual,33835,4237ab09567168a36564f55217c26c637460d6df9c2326180f7cab7d366afed1,igual,33835,4237ab09567168a36564f55217c26c637460d6df9c2326180f7cab7d366afed1
data/maps/country/countryW.ide,19704,92f33d1807a2f2c6a4c3cd96fea229d8c15ec17bae35aca320034ddf9364e760,igual,19704,92f33d1807a2f2c6a4c3cd96fea229d8c15ec17bae35aca320034ddf9364e760,igual,19704,92f33d1807a2f2c6a4c3cd96fea229d8c15ec17bae35aca320034ddf9364e760
data/maps/country/countrye.ide,34529,db23cd3a79c6f069fff6f25fec644fc52af84c277cbd4b5917a3199317773fad,igual,34529,db23cd3a79c6f069fff6f25fec644fc52af84c277cbd4b5917a3199317773fad,igual,34529,db23cd3a79c6f069fff6f25fec644fc52af84c277cbd4b5917a3199317773fad
data/maps/country/countrye.ipl,49301,d611734b0e0260870c9a46d33121650ca306a35f7b152bee27ff97a422ae4748,igual,49301,d611734b0e0260870c9a46d33121650ca306a35f7b152bee27ff97a422ae4748,igual,49301,d611734b0e0260870c9a46d33121650ca306a35f7b152bee27ff97a422ae4748
data/maps/country/countryw.ipl,35057,fe7b91f9136f931dd1b295b594cac1248883143c7dcfc5a2d298c6ab9f020008,igual,35057,fe7b91f9136f931dd1b295b594cac1248883143c7dcfc5a2d298c6ab9f020008,igual,35057,fe7b91f9136f931dd1b295b594cac1248883143c7dcfc5a2d298c6ab9f020008
data/maps/country/counxref.ide,8494,1f9dff83201ff049a15fe8d1e3a9839c5845eb98ecc2502708b3a99223ed947c,igual,8494,1f9dff83201ff049a15fe8d1e3a9839c5845eb98ecc2502708b3a99223ed947c,igual,8494,1f9dff83201ff049a15fe8d1e3a9839c5845eb98ecc2502708b3a99223ed947c
data/maps/cull.ipl,104318,a75be13e83f5255e5cc013302b2233b7059499095b06acfe3f66d72f6fa8413e,igual,104318,a75be13e83f5255e5cc013302b2233b7059499095b06acfe3f66d72f6fa8413e,igual,104318,a75be13e83f5255e5cc013302b2233b7059499095b06acfe3f66d72f6fa8413e
data/maps/generic/barriers.ide,1437,5b69700e5dd563e6b8b120f881e459cd7eb10550ecf5e8c1cd57b47577378223,igual,1437,5b69700e5dd563e6b8b120f881e459cd7eb10550ecf5e8c1cd57b47577378223,igual,1437,5b69700e5dd563e6b8b120f881e459cd7eb10550ecf5e8c1cd57b47577378223
data/maps/generic/dynamic.ide,4611,fdc45477f05b63bb4df3d65ea0bbb5c82fa3ad85cc799976266f7f7cebc6410a,igual,4611,fdc45477f05b63bb4df3d65ea0bbb5c82fa3ad85cc799976266f7f7cebc6410a,igual,4611,fdc45477f05b63bb4df3d65ea0bbb5c82fa3ad85cc799976266f7f7cebc6410a
data/maps/generic/dynamic2.ide,10510,c1b39abd83d0d2f3a2f30127528cd5b037daeec0001a6d39760bf25ce37026dc,igual,10510,c1b39abd83d0d2f3a2f30127528cd5b037daeec0001a6d39760bf25ce37026dc,igual,10510,c1b39abd83d0d2f3a2f30127528cd5b037daeec0001a6d39760bf25ce37026dc
data/maps/generic/multiobj.ide,5021,9719442a3d350920c385a1015d902c1f2a347416280d2d993ba3f79dc1f6d887,diferente,5020,521445080cb80e11bd17576c70fca9023c69007581f65b78e437ae843e8f78f1,diferente,5020,521445080cb80e11bd17576c70fca9023c69007581f65b78e437ae843e8f78f1
data/maps/generic/procobj.ide,4755,38b1b15e73891d130a85730d7ebfb0e3b649ff2ee5b8e414eccd68318b9246a0,igual,4755,38b1b15e73891d130a85730d7ebfb0e3b649ff2ee5b8e414eccd68318b9246a0,igual,4755,38b1b15e73891d130a85730d7ebfb0e3b649ff2ee5b8e414eccd68318b9246a0
data/maps/generic/vegepart.ide,8062,db7827eafd3499b0d738bac83e972776ee6cacb364a2181fc6f479242577eb3a,igual,8062,db7827eafd3499b0d738bac83e972776ee6cacb364a2181fc6f479242577eb3a,igual,8062,db7827eafd3499b0d738bac83e972776ee6cacb364a2181fc6f479242577eb3a
data/maps/interior/gen_int1.ide,2747,470d6c371015631075458870438953f1f581a5e3aadda6d6760bfb0cecd830a1,igual,2747,470d6c371015631075458870438953f1f581a5e3aadda6d6760bfb0cecd830a1,igual,2747,470d6c371015631075458870438953f1f581a5e3aadda6d6760bfb0cecd830a1
data/maps/interior/gen_int1.ipl,21074,33129ba14fa76515909906c0dc2cb08f5aed921643c39814638ad9267ab0a614,igual,21074,33129ba14fa76515909906c0dc2cb08f5aed921643c39814638ad9267ab0a614,igual,21074,33129ba14fa76515909906c0dc2cb08f5aed921643c39814638ad9267ab0a614
data/maps/interior/gen_int2.ide,10941,e1d8a2247ba9da1d242baeff95169b4982ef7289cff626692c25a2785e308544,igual,10941,e1d8a2247ba9da1d242baeff95169b4982ef7289cff626692c25a2785e308544,igual,10941,e1d8a2247ba9da1d242baeff95169b4982ef7289cff626692c25a2785e308544
data/maps/interior/gen_int2.ipl,1683,a779e8c280cad2fc2d8a0a107336a7ca8e87007c2d1db36f6c62c07eece1e799,igual,1683,a779e8c280cad2fc2d8a0a107336a7ca8e87007c2d1db36f6c62c07eece1e799,igual,1683,a779e8c280cad2fc2d8a0a107336a7ca8e87007c2d1db36f6c62c07eece1e799
data/maps/interior/gen_int3.ide,3252,a0762a373a240c6278aeb624eadde85312e7f39ecf14891df07042972d0553aa,igual,3252,a0762a373a240c6278aeb624eadde85312e7f39ecf14891df07042972d0553aa,igual,3252,a0762a373a240c6278aeb624eadde85312e7f39ecf14891df07042972d0553aa
data/maps/interior/gen_int3.ipl,2091,eacf70fbd06fe19c9dc028f81eedbf582a2694db0a73d33b5f34ecd70e8b7afb,igual,2091,eacf70fbd06fe19c9dc028f81eedbf582a2694db0a73d33b5f34ecd70e8b7afb,igual,2091,eacf70fbd06fe19c9dc028f81eedbf582a2694db0a73d33b5f34ecd70e8b7afb
data/maps/interior/gen_int4.ide,2323,50e9826c69e68258966068aa37f7185ef76776c276f61f1285bcbeda4d8c6e0e,igual,2323,50e9826c69e68258966068aa37f7185ef76776c276f61f1285bcbeda4d8c6e0e,igual,2323,50e9826c69e68258966068aa37f7185ef76776c276f61f1285bcbeda4d8c6e0e
data/maps/interior/gen_int4.ipl,1185,5769ca2f39579ee0c43b31658e41b7af3264e4b54e76c70229a4b4fe5916e6e0,igual,1185,5769ca2f39579ee0c43b31658e41b7af3264e4b54e76c70229a4b4fe5916e6e0,igual,1185,5769ca2f39579ee0c43b31658e41b7af3264e4b54e76c70229a4b4fe5916e6e0
data/maps/interior/gen_int5.ide,4682,88ba64416b2c8c430761790ff080ebf43077ba338188c94a78cee5e4f73d2d38,igual,4682,88ba64416b2c8c430761790ff080ebf43077ba338188c94a78cee5e4f73d2d38,igual,4682,88ba64416b2c8c430761790ff080ebf43077ba338188c94a78cee5e4f73d2d38
data/maps/interior/gen_int5.ipl,2988,192ba7b31a68ae86a9767d40f7b3918b5da70dbb4445dfe780ac135ae94221a1,igual,2988,192ba7b31a68ae86a9767d40f7b3918b5da70dbb4445dfe780ac135ae94221a1,igual,2988,192ba7b31a68ae86a9767d40f7b3918b5da70dbb4445dfe780ac135ae94221a1
data/maps/interior/gen_intb.ide,5459,bd694f4c11fb8ca6171d8e7e61a3b71ebdd3e7885667d8e77ae240dcf0c6ef6a,igual,5459,bd694f4c11fb8ca6171d8e7e61a3b71ebdd3e7885667d8e77ae240dcf0c6ef6a,igual,5459,bd694f4c11fb8ca6171d8e7e61a3b71ebdd3e7885667d8e77ae240dcf0c6ef6a
data/maps/interior/gen_intb.ipl,1626,76facdeb795adfcd9642c3beaa0d931d90682d12630f2b7ef242b09c4ac14cbe,igual,1626,76facdeb795adfcd9642c3beaa0d931d90682d12630f2b7ef242b09c4ac14cbe,igual,1626,76facdeb795adfcd9642c3beaa0d931d90682d12630f2b7ef242b09c4ac14cbe
data/maps/interior/int_LA.ide,6004,369dcb928bdc5e6d8649b07df9b3cb895ba9a9dba805e94d6ff8201a9d633646,igual,6004,369dcb928bdc5e6d8649b07df9b3cb895ba9a9dba805e94d6ff8201a9d633646,igual,6004,369dcb928bdc5e6d8649b07df9b3cb895ba9a9dba805e94d6ff8201a9d633646
data/maps/interior/int_LA.ipl,1312,6daed19fdfa6f325468668a00065999bef9a8e4fff03039e552b8f4533a74d2d,igual,1312,6daed19fdfa6f325468668a00065999bef9a8e4fff03039e552b8f4533a74d2d,igual,1312,6daed19fdfa6f325468668a00065999bef9a8e4fff03039e552b8f4533a74d2d
data/maps/interior/int_SF.ide,1260,384d9de6e3a8ff1c4248fa11261863dee3748b3553f7722ed946a4d8aca2a806,igual,1260,384d9de6e3a8ff1c4248fa11261863dee3748b3553f7722ed946a4d8aca2a806,igual,1260,384d9de6e3a8ff1c4248fa11261863dee3748b3553f7722ed946a4d8aca2a806
data/maps/interior/int_SF.ipl,1334,ae36a8df0e4c502af96c661a105b28a7e08cf8a71774d07fdc0b63a0ab924fe2,igual,1334,ae36a8df0e4c502af96c661a105b28a7e08cf8a71774d07fdc0b63a0ab924fe2,igual,1334,ae36a8df0e4c502af96c661a105b28a7e08cf8a71774d07fdc0b63a0ab924fe2
data/maps/interior/int_cont.ide,385,715a381b2e4455594733639ef7a7a0fcde15c0f6d5ac6d8951705fe6e0eef7dd,igual,385,715a381b2e4455594733639ef7a7a0fcde15c0f6d5ac6d8951705fe6e0eef7dd,igual,385,715a381b2e4455594733639ef7a7a0fcde15c0f6d5ac6d8951705fe6e0eef7dd
data/maps/interior/int_cont.ipl,910,01d68d96bfbfda67102141a9411ccb64499a8f7a50a641220ce7b22012a540a7,igual,910,01d68d96bfbfda67102141a9411ccb64499a8f7a50a641220ce7b22012a540a7,igual,910,01d68d96bfbfda67102141a9411ccb64499a8f7a50a641220ce7b22012a540a7
data/maps/interior/int_veg.ide,4684,c3ad8ecb96b83f2c728ee62f61f4bdcb92dc9ba65f4d1c876704167c07ccef34,igual,4684,c3ad8ecb96b83f2c728ee62f61f4bdcb92dc9ba65f4d1c876704167c07ccef34,igual,4684,c3ad8ecb96b83f2c728ee62f61f4bdcb92dc9ba65f4d1c876704167c07ccef34
data/maps/interior/int_veg.ipl,5299,115974e58e84ac9772806c8f16a2e322b8b7ce14198480e27f0505872e943f2d,igual,5299,115974e58e84ac9772806c8f16a2e322b8b7ce14198480e27f0505872e943f2d,igual,5299,115974e58e84ac9772806c8f16a2e322b8b7ce14198480e27f0505872e943f2d
data/maps/interior/propext.ide,2340,07ff34faa2883f97fb1c538e45e92b7951463eeb8eba6d053432984f4e9abe99,igual,2340,07ff34faa2883f97fb1c538e45e92b7951463eeb8eba6d053432984f4e9abe99,igual,2340,07ff34faa2883f97fb1c538e45e92b7951463eeb8eba6d053432984f4e9abe99
data/maps/interior/props.ide,26326,5ba09718a9c248f83b82d306efbe95b7be5b7f7cdce6b2b17d5a5a11aa0a6b3e,igual,26326,5ba09718a9c248f83b82d306efbe95b7be5b7f7cdce6b2b17d5a5a11aa0a6b3e,igual,26326,5ba09718a9c248f83b82d306efbe95b7be5b7f7cdce6b2b17d5a5a11aa0a6b3e
data/maps/interior/props2.ide,21174,0e1f4ac0e3cd41af8d8ea83ea37473e91091c63bfdeff836bec40d9dacfbd5a6,igual,21174,0e1f4ac0e3cd41af8d8ea83ea37473e91091c63bfdeff836bec40d9dacfbd5a6,igual,21174,0e1f4ac0e3cd41af8d8ea83ea37473e91091c63bfdeff836bec40d9dacfbd5a6
data/maps/interior/savehous.ide,1724,48d840b6e18dee698982158f70f30b3c0eb406286ae9e7e70744061c86abf19a,igual,1724,48d840b6e18dee698982158f70f30b3c0eb406286ae9e7e70744061c86abf19a,igual,1724,48d840b6e18dee698982158f70f30b3c0eb406286ae9e7e70744061c86abf19a
data/maps/interior/savehous.ipl,2959,eb7b018ba03f934b14fa9ac11f7e151173e669d1c7f69a4d162c0a88a092ec38,igual,2959,eb7b018ba03f934b14fa9ac11f7e151173e669d1c7f69a4d162c0a88a092ec38,igual,2959,eb7b018ba03f934b14fa9ac11f7e151173e669d1c7f69a4d162c0a88a092ec38
data/maps/interior/stadint.ide,2851,e2d66db082e7d439472e71ad995bde42b91a9a382eb53f6369e46c1179778307,igual,2851,e2d66db082e7d439472e71ad995bde42b91a9a382eb53f6369e46c1179778307,igual,2851,e2d66db082e7d439472e71ad995bde42b91a9a382eb53f6369e46c1179778307
data/maps/interior/stadint.ipl,6299,f0720fd785069839b9b28a87ce80ede2cf8d4beb58bb009bcd50195ee54a962a,igual,6299,f0720fd785069839b9b28a87ce80ede2cf8d4beb58bb009bcd50195ee54a962a,igual,6299,f0720fd785069839b9b28a87ce80ede2cf8d4beb58bb009bcd50195ee54a962a
data/maps/leveldes/leveldes.ide,360,5c4cda0261a8302acd997679b3bbe604754423a7b0ce30707bfb81d7f1d569d4,igual,360,5c4cda0261a8302acd997679b3bbe604754423a7b0ce30707bfb81d7f1d569d4,igual,360,5c4cda0261a8302acd997679b3bbe604754423a7b0ce30707bfb81d7f1d569d4
data/maps/leveldes/leveldes.ipl,165,a023d0150ceb2b0d571901ca1d22a2a1377337ac874d593a574eb7426bed65f2,igual,165,a023d0150ceb2b0d571901ca1d22a2a1377337ac874d593a574eb7426bed65f2,igual,165,a023d0150ceb2b0d571901ca1d22a2a1377337ac874d593a574eb7426bed65f2
data/maps/leveldes/levelmap.ide,3194,c5d635c1ebd2fdd9f85c990dcf51e37f73ad8bc2e759dd5daa8ab13f45dad74d,igual,3194,c5d635c1ebd2fdd9f85c990dcf51e37f73ad8bc2e759dd5daa8ab13f45dad74d,igual,3194,c5d635c1ebd2fdd9f85c990dcf51e37f73ad8bc2e759dd5daa8ab13f45dad74d
data/maps/leveldes/levelmap.ipl,4675,2bacd4d04c78e17e9f34368352c5220e09cbabc45d080d3cd7005097f9d4c7d5,igual,4675,2bacd4d04c78e17e9f34368352c5220e09cbabc45d080d3cd7005097f9d4c7d5,igual,4675,2bacd4d04c78e17e9f34368352c5220e09cbabc45d080d3cd7005097f9d4c7d5
data/maps/leveldes/levelxre.ide,9897,330612dcd0250927a6931629c78d899891f7462306058637a2ea71bd2981fce2,igual,9897,330612dcd0250927a6931629c78d899891f7462306058637a2ea71bd2981fce2,igual,9897,330612dcd0250927a6931629c78d899891f7462306058637a2ea71bd2981fce2
data/maps/leveldes/seabed.ide,12039,5c57137733b59ec7455e821947c9fa5fb1051f69c9499a2c916ef72b77e01256,igual,12039,5c57137733b59ec7455e821947c9fa5fb1051f69c9499a2c916ef72b77e01256,igual,12039,5c57137733b59ec7455e821947c9fa5fb1051f69c9499a2c916ef72b77e01256
data/maps/leveldes/seabed.ipl,23342,4f8c7c66864c454a8546257beb54a34a1397d2d637b2c77c70cd16925ec2ab21,igual,23342,4f8c7c66864c454a8546257beb54a34a1397d2d637b2c77c70cd16925ec2ab21,igual,23342,4f8c7c66864c454a8546257beb54a34a1397d2d637b2c77c70cd16925ec2ab21
data/maps/occlu.ipl,1012,b79d16581e954255ec06394b4c1ad6303ec6ed9eeb79a44ae51764f8d9a708c7,igual,1012,b79d16581e954255ec06394b4c1ad6303ec6ed9eeb79a44ae51764f8d9a708c7,igual,1012,b79d16581e954255ec06394b4c1ad6303ec6ed9eeb79a44ae51764f8d9a708c7
data/maps/occluLA.ipl,35956,92f9a47f2cf09be813f5cbb94152fad4afdad66da85d0834b5c54179391d09eb,igual,35956,92f9a47f2cf09be813f5cbb94152fad4afdad66da85d0834b5c54179391d09eb,igual,35956,92f9a47f2cf09be813f5cbb94152fad4afdad66da85d0834b5c54179391d09eb
data/maps/occluint.ipl,2338,23d5054e2f69d052c305c21b860c40cc135b4509d3b1aa84ca974716b25fefe0,igual,2338,23d5054e2f69d052c305c21b860c40cc135b4509d3b1aa84ca974716b25fefe0,igual,2338,23d5054e2f69d052c305c21b860c40cc135b4509d3b1aa84ca974716b25fefe0
data/maps/occlusf.ipl,16114,c547a2eab51fcaa8c100ba7d6a12cf5e32d9c547756494e2fa664589450eacc3,igual,16114,c547a2eab51fcaa8c100ba7d6a12cf5e32d9c547756494e2fa664589450eacc3,igual,16114,c547a2eab51fcaa8c100ba7d6a12cf5e32d9c547756494e2fa664589450eacc3
data/maps/occluveg.ipl,17944,d5c59492e23c14b56409ddeaa20ee95e2c57d4225829b3c94519b52b8d6d8427,igual,17944,d5c59492e23c14b56409ddeaa20ee95e2c57d4225829b3c94519b52b8d6d8427,igual,17944,d5c59492e23c14b56409ddeaa20ee95e2c57d4225829b3c94519b52b8d6d8427
data/maps/paths.ipl,2658607,1b8b896eda941aaf31391af571c52d371f5d7617cb2ccf44d148f80e464142ea,igual,2658607,1b8b896eda941aaf31391af571c52d371f5d7617cb2ccf44d148f80e464142ea,igual,2658607,1b8b896eda941aaf31391af571c52d371f5d7617cb2ccf44d148f80e464142ea
data/maps/paths2.ipl,2292241,70a6488bf2c39e486262c6396164c7135b3966797d978d49dcc4788d6242bb1d,igual,2292241,70a6488bf2c39e486262c6396164c7135b3966797d978d49dcc4788d6242bb1d,igual,2292241,70a6488bf2c39e486262c6396164c7135b3966797d978d49dcc4788d6242bb1d
data/maps/paths3.ipl,2428066,50a8a882a36c6a39fdbe417000e27579d0f37541df3a0d54bc306c5a70316c5a,igual,2428066,50a8a882a36c6a39fdbe417000e27579d0f37541df3a0d54bc306c5a70316c5a,igual,2428066,50a8a882a36c6a39fdbe417000e27579d0f37541df3a0d54bc306c5a70316c5a
data/maps/paths4.ipl,253014,9e770e5ce9724b94ca74dd9256534e233f0b37b0ff72d0001dd1cf93fe5f9f25,igual,253014,9e770e5ce9724b94ca74dd9256534e233f0b37b0ff72d0001dd1cf93fe5f9f25,igual,253014,9e770e5ce9724b94ca74dd9256534e233f0b37b0ff72d0001dd1cf93fe5f9f25
data/maps/paths5.ipl,457678,67fc1be4e28dd4837d7d3f369e0d8b1ceae67f1e507959fd2c38cbce4e15949c,igual,457678,67fc1be4e28dd4837d7d3f369e0d8b1ceae67f1e507959fd2c38cbce4e15949c,igual,457678,67fc1be4e28dd4837d7d3f369e0d8b1ceae67f1e507959fd2c38cbce4e15949c
data/maps/tunnels.ipl,3230,62479143348a7fb579ebd8d45271afe07aed7b639a90c4933036f12d90853dfc,igual,3230,62479143348a7fb579ebd8d45271afe07aed7b639a90c4933036f12d90853dfc,igual,3230,62479143348a7fb579ebd8d45271afe07aed7b639a90c4933036f12d90853dfc
data/maps/vegas/VegasN.ide,23715,394aa4049796756c6773075f5954b9c93ab6963f05c29afd781d556638c6f53a,igual,23715,394aa4049796756c6773075f5954b9c93ab6963f05c29afd781d556638c6f53a,igual,23715,394aa4049796756c6773075f5954b9c93ab6963f05c29afd781d556638c6f53a
data/maps/vegas/VegasS.ide,18656,5a10346606025e6793e670ad3b5ff0f4e96f59961951c80a27462cc704823ad9,igual,18656,5a10346606025e6793e670ad3b5ff0f4e96f59961951c80a27462cc704823ad9,igual,18656,5a10346606025e6793e670ad3b5ff0f4e96f59961951c80a27462cc704823ad9
data/maps/vegas/VegasW.ide,25456,6499b130002d706e7808c63d7570b35030d4af89d211c43e5dc1ee1b9c9ea238,igual,25456,6499b130002d706e7808c63d7570b35030d4af89d211c43e5dc1ee1b9c9ea238,igual,25456,6499b130002d706e7808c63d7570b35030d4af89d211c43e5dc1ee1b9c9ea238
data/maps/vegas/vegasE.ide,35542,6c0d3f2377478267dbed12a1c18c56b9a8a249371bfe923d01df6a7ed4850d85,igual,35542,6c0d3f2377478267dbed12a1c18c56b9a8a249371bfe923d01df6a7ed4850d85,igual,35542,6c0d3f2377478267dbed12a1c18c56b9a8a249371bfe923d01df6a7ed4850d85
data/maps/vegas/vegasE.ipl,61084,09b34e42e353b20a3ebf39d1c305a00d5de5fb7cb532da92e7d7cd122f189c47,igual,61084,09b34e42e353b20a3ebf39d1c305a00d5de5fb7cb532da92e7d7cd122f189c47,igual,61084,09b34e42e353b20a3ebf39d1c305a00d5de5fb7cb532da92e7d7cd122f189c47
data/maps/vegas/vegasN.ipl,36651,a2a67b14a3ccab29c9ca4cc2a579b286ff7c1364b8448bc910e4ed6d1bbde4a7,igual,36651,a2a67b14a3ccab29c9ca4cc2a579b286ff7c1364b8448bc910e4ed6d1bbde4a7,igual,36651,a2a67b14a3ccab29c9ca4cc2a579b286ff7c1364b8448bc910e4ed6d1bbde4a7
data/maps/vegas/vegasS.ipl,30343,8608f4bcc70927fc50928a3189a9f4d96320f85db052c7e15f6fea6d40f8cec4,igual,30343,8608f4bcc70927fc50928a3189a9f4d96320f85db052c7e15f6fea6d40f8cec4,igual,30343,8608f4bcc70927fc50928a3189a9f4d96320f85db052c7e15f6fea6d40f8cec4
data/maps/vegas/vegasW.ipl,49867,8772cd91905a1374886376d7f0a508c666fd8b91478c5f3afc87673ae4e78abc,igual,49867,8772cd91905a1374886376d7f0a508c666fd8b91478c5f3afc87673ae4e78abc,igual,49867,8772cd91905a1374886376d7f0a508c666fd8b91478c5f3afc87673ae4e78abc
data/maps/vegas/vegaxref.ide,5751,b52b2622a39a25f62b25960e69e30a96ac43f2e76a2a428aa9d49ee51eca93ed,igual,5751,b52b2622a39a25f62b25960e69e30a96ac43f2e76a2a428aa9d49ee51eca93ed,igual,5751,b52b2622a39a25f62b25960e69e30a96ac43f2e76a2a428aa9d49ee51eca93ed
data/maps/vegas/vegaxref.ipl,3661,45a15259f02a25fcbd3a575ae2a0846a688aafc5bda2c525fa59626e1006557e,igual,3661,45a15259f02a25fcbd3a575ae2a0846a688aafc5bda2c525fa59626e1006557e,igual,3661,45a15259f02a25fcbd3a575ae2a0846a688aafc5bda2c525fa59626e1006557e
data/maps/veh_mods/veh_mods.ide,7323,0338813d49e3c1d92d7f660357d0ab6a6778e65a2e05b0c9cb1f99ffd29c3edc,igual,7323,0338813d49e3c1d92d7f660357d0ab6a6778e65a2e05b0c9cb1f99ffd29c3edc,igual,7323,0338813d49e3c1d92d7f660357d0ab6a6778e65a2e05b0c9cb1f99ffd29c3edc
data/melee.dat,6306,d82430a32f31c239c38e1db8c83589307fb221fce417962993a8c63cb1d3da4b,igual,6306,d82430a32f31c239c38e1db8c83589307fb221fce417962993a8c63cb1d3da4b,igual,6306,d82430a32f31c239c38e1db8c83589307fb221fce417962993a8c63cb1d3da4b
data/model_special_features.dat,,,somente_full,503,20409965d56f07bb7191a66c9c4cd7df5efa301e3eaf26f731142951541ee0ea,somente_lite,503,20409965d56f07bb7191a66c9c4cd7df5efa301e3eaf26f731142951541ee0ea
data/object.dat,126118,c963c980d90891cbb4ab81a6a8daa294a5813cba46fae4b1302951c32ca472d8,igual,126118,c963c980d90891cbb4ab81a6a8daa294a5813cba46fae4b1302951c32ca472d8,igual,126118,c963c980d90891cbb4ab81a6a8daa294a5813cba46fae4b1302951c32ca472d8
data/paths/ROADBLOX.DAT,1304,2da412adc28eefd4b406df53e0ab2693eb564d8dfeb73f31ca771022280342ef,igual,1304,2da412adc28eefd4b406df53e0ab2693eb564d8dfeb73f31ca771022280342ef,igual,1304,2da412adc28eefd4b406df53e0ab2693eb564d8dfeb73f31ca771022280342ef
data/paths/carrec.img,7264256,439ec285d063a87e214b7f0e645d2381d5eba6d60f3cdc02a1ae4874052dd5a7,diferente,2357248,207d3d1cbcf07744dd6b3110d977d3838e53970d785e465dcada3dee5e08c522,diferente,2357248,207d3d1cbcf07744dd6b3110d977d3838e53970d785e465dcada3dee5e08c522
data/paths/gtasa_tracks_config.dat,,,somente_full,132,39223fbe3ccff9a3249f4d397a1764a62fb6d52471e5960889b888608fecf43a,somente_lite,132,39223fbe3ccff9a3249f4d397a1764a62fb6d52471e5960889b888608fecf43a
data/paths/tracks.dat,25474,9f3509865baa1424cedce8c9185f93bf575eb1d6cb2e114f1c704f07f92d0f55,igual,25474,9f3509865baa1424cedce8c9185f93bf575eb1d6cb2e114f1c704f07f92d0f55,igual,25474,9f3509865baa1424cedce8c9185f93bf575eb1d6cb2e114f1c704f07f92d0f55
data/paths/tracks2.dat,1892,f30af4dd0b7948321db633d4964898961b4ae97f5c29b6ca1cdcb9b77e6f4985,igual,1892,f30af4dd0b7948321db633d4964898961b4ae97f5c29b6ca1cdcb9b77e6f4985,igual,1892,f30af4dd0b7948321db633d4964898961b4ae97f5c29b6ca1cdcb9b77e6f4985
data/paths/tracks3.dat,8328,b8ed468ae2aa953250f5f9bcf1ff34ec7a413cfca63357a6a531f37dfb9b5767,igual,8328,b8ed468ae2aa953250f5f9bcf1ff34ec7a413cfca63357a6a531f37dfb9b5767,igual,8328,b8ed468ae2aa953250f5f9bcf1ff34ec7a413cfca63357a6a531f37dfb9b5767
data/paths/tracks4.dat,18347,e8decea200f701498cf1414a4d6accb1dc6fdeb147ac30cd3500e0ae27cdcd69,igual,18347,e8decea200f701498cf1414a4d6accb1dc6fdeb147ac30cd3500e0ae27cdcd69,igual,18347,e8decea200f701498cf1414a4d6accb1dc6fdeb147ac30cd3500e0ae27cdcd69
data/ped.dat,1276,fa4a2636ba772080c75d0986379a862c4c2f7cf7bf6c1550557f3557236b450e,igual,1276,fa4a2636ba772080c75d0986379a862c4c2f7cf7bf6c1550557f3557236b450e,igual,1276,fa4a2636ba772080c75d0986379a862c4c2f7cf7bf6c1550557f3557236b450e
data/pedgrp.dat,5792,157f429231421f37d44b2b4890b14ee0537f7f32a8bdf71a140340ac04770222,igual,5792,157f429231421f37d44b2b4890b14ee0537f7f32a8bdf71a140340ac04770222,igual,5792,157f429231421f37d44b2b4890b14ee0537f7f32a8bdf71a140340ac04770222
data/peds.ide,33401,ec16c488c40f2c563c475130eb7ef633a024ac6bc0f01e8bfb248972a241af92,igual,33401,ec16c488c40f2c563c475130eb7ef633a024ac6bc0f01e8bfb248972a241af92,igual,33401,ec16c488c40f2c563c475130eb7ef633a024ac6bc0f01e8bfb248972a241af92
data/pedstats.dat,3604,280c12e4f8b36f6e68b68323fb3d01d853b9a91bf4497964ce5159abfd84d684,igual,3604,280c12e4f8b36f6e68b68323fb3d01d853b9a91bf4497964ce5159abfd84d684,igual,3604,280c12e4f8b36f6e68b68323fb3d01d853b9a91bf4497964ce5159abfd84d684
data/plants.dat,9887,d989d13c540be6e8c7e381ac1785a61a99ca8dc97002ed9013a0312b5dab08a8,igual,9887,d989d13c540be6e8c7e381ac1785a61a99ca8dc97002ed9013a0312b5dab08a8,igual,9887,d989d13c540be6e8c7e381ac1785a61a99ca8dc97002ed9013a0312b5dab08a8
data/popcycle.dat,127108,7adf28ff336d652a0d85cd8c9cb37379755e7f68a00b3637ea4afc4d4184aac7,igual,127108,7adf28ff336d652a0d85cd8c9cb37379755e7f68a00b3637ea4afc4d4184aac7,igual,127108,7adf28ff336d652a0d85cd8c9cb37379755e7f68a00b3637ea4afc4d4184aac7
data/procobj.dat,415,56e0c0e081454da8277ab1f139cb7426811b5ae790d7f86e17d523d504cb0b9b,diferente,10019,b41895965d087b90aa8b11a66849002a08256a27010209b2b534e0f4438d95c5,diferente,10019,b41895965d087b90aa8b11a66849002a08256a27010209b2b534e0f4438d95c5
data/script/mainV1.scm,3169778,c09e88e03e726a2f061bbbdf7a9ae8e8c3af0881092bd6be0c48054d0a93e60d,igual,3169778,c09e88e03e726a2f061bbbdf7a9ae8e8c3af0881092bd6be0c48054d0a93e60d,igual,3169778,c09e88e03e726a2f061bbbdf7a9ae8e8c3af0881092bd6be0c48054d0a93e60d
data/script/scriptv1.img,561152,d7d76957df37eb85b2df3aff1cf9ab9963a152b19e4a208cd5e49e72a457f525,igual,561152,d7d76957df37eb85b2df3aff1cf9ab9963a152b19e4a208cd5e49e72a457f525,igual,561152,d7d76957df37eb85b2df3aff1cf9ab9963a152b19e4a208cd5e49e72a457f525
data/shopping.dat,46875,93e640e29049ee9985185b7aaf1b2f3d11f8540ff8791a751632d6ba90d0bd4d,igual,46875,93e640e29049ee9985185b7aaf1b2f3d11f8540ff8791a751632d6ba90d0bd4d,igual,46875,93e640e29049ee9985185b7aaf1b2f3d11f8540ff8791a751632d6ba90d0bd4d
data/statdisp.dat,7292,b0a95199c27656c43f3f3b0d7bb302649c7605a563634cdf81116929b89e04ab,igual,7292,b0a95199c27656c43f3f3b0d7bb302649c7605a563634cdf81116929b89e04ab,igual,7292,b0a95199c27656c43f3f3b0d7bb302649c7605a563634cdf81116929b89e04ab
data/surface.dat,576,09cf086c44c2409f6d5f40f58d7a753f0384d227b7f8c27fec7fe5dbe56c4a90,igual,576,09cf086c44c2409f6d5f40f58d7a753f0384d227b7f8c27fec7fe5dbe56c4a90,igual,576,09cf086c44c2409f6d5f40f58d7a753f0384d227b7f8c27fec7fe5dbe56c4a90
data/surfaud.dat,6530,5a25dfb38743e42b46f7979941f9fa8a1201788e91f991975dfed997aa4db605,igual,6530,5a25dfb38743e42b46f7979941f9fa8a1201788e91f991975dfed997aa4db605,igual,6530,5a25dfb38743e42b46f7979941f9fa8a1201788e91f991975dfed997aa4db605
data/surfinfo.dat,28106,431b95d4dcb20ce5258f7d939902c56d50fb4ee68b30ed7a044919c666291b55,igual,28106,431b95d4dcb20ce5258f7d939902c56d50fb4ee68b30ed7a044919c666291b55,igual,28106,431b95d4dcb20ce5258f7d939902c56d50fb4ee68b30ed7a044919c666291b55
data/timecyc.aaa,,,somente_full,38453,8c369ea18e96c5d8a2058754bd7be0517d800e8d51ae466e83c13e04c3509500,somente_lite,38453,8c369ea18e96c5d8a2058754bd7be0517d800e8d51ae466e83c13e04c3509500
data/timecyc.bak,,,somente_full,40347,4a7342c4098b020cebd68c3784078532a23167271f6097dfa0daaee11fd63f0e,somente_lite,40347,4a7342c4098b020cebd68c3784078532a23167271f6097dfa0daaee11fd63f0e
data/timecyc.dat,56445,05b0a107e5212da484b86fc014d7b59e052633bad0ffe4557112564ac9dad1b3,igual,56445,05b0a107e5212da484b86fc014d7b59e052633bad0ffe4557112564ac9dad1b3,diferente,40037,0efce1a3d36aac22bf5276f65f7a8aa411ce34bdcbe5128cef4c800f82d5754b
data/timecyc.two,,,somente_full,40347,4a7342c4098b020cebd68c3784078532a23167271f6097dfa0daaee11fd63f0e,somente_lite,40347,4a7342c4098b020cebd68c3784078532a23167271f6097dfa0daaee11fd63f0e
data/timecyc1.aaa,,,somente_full,38826,110b41de66ba519b6f41b7a1a6a4b19ae10aebcffdfbabbeb229dc5b7d334b74,somente_lite,38826,110b41de66ba519b6f41b7a1a6a4b19ae10aebcffdfbabbeb229dc5b7d334b74
data/timecyc1.dat,,,somente_full,38826,110b41de66ba519b6f41b7a1a6a4b19ae10aebcffdfbabbeb229dc5b7d334b74,somente_lite,38826,110b41de66ba519b6f41b7a1a6a4b19ae10aebcffdfbabbeb229dc5b7d334b74
data/timecycp.dat,,,somente_full,40520,34989779a9868a0e54f64edb2b5813d65eabe18f1ecf01bcbb9188a5a6964584,somente_lite,40520,34989779a9868a0e54f64edb2b5813d65eabe18f1ecf01bcbb9188a5a6964584
data/timecycp1.dat,,,somente_full,40520,34989779a9868a0e54f64edb2b5813d65eabe18f1ecf01bcbb9188a5a6964584,somente_lite,40520,34989779a9868a0e54f64edb2b5813d65eabe18f1ecf01bcbb9188a5a6964584
data/txdcut.ide,478,68299b02ec1f00da7a93a400742c9f8edf3b776cf339431228af969f95249055,igual,478,68299b02ec1f00da7a93a400742c9f8edf3b776cf339431228af969f95249055,igual,478,68299b02ec1f00da7a93a400742c9f8edf3b776cf339431228af969f95249055
data/vehicles.ide,21093,2d70455cda1ed89da9cc1a995ccb2539899b84360a2411c887d88617365ead37,igual,21093,2d70455cda1ed89da9cc1a995ccb2539899b84360a2411c887d88617365ead37,igual,21093,2d70455cda1ed89da9cc1a995ccb2539899b84360a2411c887d88617365ead37
data/water.dat,70099,1562bc86766ce595d7513f3ca3ae3fc4147b574c8c4e703fe6a76678507969bf,igual,70099,1562bc86766ce595d7513f3ca3ae3fc4147b574c8c4e703fe6a76678507969bf,igual,70099,1562bc86766ce595d7513f3ca3ae3fc4147b574c8c4e703fe6a76678507969bf
data/water1.dat,60063,c43d750c3a9b1d645235f0c987fac3b1f2fa20aafd78449e831f2aea36de5f68,igual,60063,c43d750c3a9b1d645235f0c987fac3b1f2fa20aafd78449e831f2aea36de5f68,igual,60063,c43d750c3a9b1d645235f0c987fac3b1f2fa20aafd78449e831f2aea36de5f68
data/weapon.dat,11602,3af1d40aa8efa67223a8160fadb0749dc9e920dbc94579c55f9f1826a47b27ce,igual,11602,3af1d40aa8efa67223a8160fadb0749dc9e920dbc94579c55f9f1826a47b27ce,igual,11602,3af1d40aa8efa67223a8160fadb0749dc9e920dbc94579c55f9f1826a47b27ce
fonts/arial.ttf,,,somente_full,,,somente_lite,367112,413c78f91bd39e134f3c0bb204b1d5a90f29df9efddc8fd26950a178058d5d74
fonts/arial_bold.ttf,45080,e76e5745b6206e11620730d13d49a8b87a00e15e47bb99a55b82b43ae0902a93,diferente,197756,264819b013d40e46a82f5063ae3ce44d3cb8aaced43d85897f4ced66496d5a85,diferente,352224,df70597f0bdf49da3af270138f8a34396e4f5618c671a1db3480e626f38aaece
fonts/arial_bold_thai.ttf,91696,5499693badcf1ee02ea353676cfd352c20676c1b7fc59a83ecc1e0c48a0cde22,somente_pacote,,,somente_pacote,,
fonts/georgia.ttf,,,somente_full,,,somente_lite,219712,38dffcaf1fac89492f7c56c600a14daf36ae42f7c21985cd4134ae113124a58f
fonts/gtaweap3.ttf,104004,b7d7a38d4f6b729e961984eaec1248c5bdcf925d3d869a7e944e246e777a5271,igual,104004,b7d7a38d4f6b729e961984eaec1248c5bdcf925d3d869a7e944e246e777a5271,igual,104004,b7d7a38d4f6b729e961984eaec1248c5bdcf925d3d869a7e944e246e777a5271
fonts/impact.ttf,,,somente_full,,,somente_lite,206784,d8bbdb72e3f930157824b2e59677d3a912d4512c14a948e6656a2e3fb0c935ad
fonts/palatino_linotype.ttf,,,somente_full,,,somente_lite,489884,80d79cb49ca8562bb8cd230b0787177434fa2840cff732c7f047453081afa730
fonts/quartz_ms.ttf,,,somente_full,,,somente_lite,51032,6ac1992993774705ff4983bd306c8d5f9ca3168ad997226abdfb07c3e23de6ea
fonts/segoe_print.ttf,,,somente_full,,,somente_lite,172448,4061e7eb9833327b08b56aa354455a4f5263e0e2ebd57ea1c9071a96d90fad35
fonts/segoe_script.ttf,,,somente_full,,,somente_lite,620204,8f6328619340426b2c985f6fd305bb64d164b20b20a5b493a21533761bd5d631
fonts/tahoma.ttf,,,somente_full,,,somente_lite,939280,b890858df485549d20fcb0a2c519dffe9c5c155d16b55e0b9252d6e66db555e5
fonts/webdings.ttf,,,somente_full,,,somente_lite,120560,67461fabd8329d0d8ad62689cac642b34fac81c754ff9077ad211160ec62282d
fonts/wingding.ttf,,,somente_full,,,somente_lite,82180,9bcd6064e3b52fa30a347edd6e82506e2ec8b1602930b423c629a82c10468a5b
gta_sa.set,167,41d8135000bac557fcec88a2bc8b2468e9777dca450d461dc30767d7c464fe2c,diferente,167,a892c941713df599e7aac612b0d68ee40aa05aec93db8b7039b55e36173654e4,diferente,167,50aa80cb4b415f3ae09fdf4c8a3e0bd4ff98472f16a6b8bd32b22ab52f5eae4e
gtasatelem.set,392,3ec8b4fbe437016f735a835a2c10847c4e9391d7b8e7135e5bfdca7542d62cab,diferente,392,901c53710e740b6c67934dd1446b8bcf05e2a66a6a514e3767e3cd51c82213af,diferente,392,b21c93c905abb42ed013bd34c094928a3ac577223e7b8f0e828b148497c5a34d
models/MINFO.BIN,41100,ea3458282f3869b9492ee4dbedb597036cb7b4811479a65714e5a85b46675514,igual,41100,ea3458282f3869b9492ee4dbedb597036cb7b4811479a65714e5a85b46675514,igual,41100,ea3458282f3869b9492ee4dbedb597036cb7b4811479a65714e5a85b46675514
models/coll/peds.col,21477,d6faa88b9227e6f6fe286f69cfd8d7348229bda267b21125b7daea4d3dd23d10,igual,21477,d6faa88b9227e6f6fe286f69cfd8d7348229bda267b21125b7daea4d3dd23d10,igual,21477,d6faa88b9227e6f6fe286f69cfd8d7348229bda267b21125b7daea4d3dd23d10
models/coll/vehicles.col,1096,4b6fa3aacf7d8be7aabf2e7048b5d7bd9bc89991b13f4f3d7334047a4f5359cf,igual,1096,4b6fa3aacf7d8be7aabf2e7048b5d7bd9bc89991b13f4f3d7334047a4f5359cf,igual,1096,4b6fa3aacf7d8be7aabf2e7048b5d7bd9bc89991b13f4f3d7334047a4f5359cf
models/coll/weapons.col,560,389a5656e0496486e1c546e1e8ffd5399c1563c717f8238dcfdee3b6756903e6,igual,560,389a5656e0496486e1c546e1e8ffd5399c1563c717f8238dcfdee3b6756903e6,igual,560,389a5656e0496486e1c546e1e8ffd5399c1563c717f8238dcfdee3b6756903e6
models/effects.fxp,2483679,5ae3d43e1f9fb74875fc722a04ea005330b0e328468fc47823f31e3dd8f5362a,diferente,616708,95c1915d39fd8df2292f6ec78b9476d4b3f86a65af5c0c0d222b6534adf44679,diferente,616708,95c1915d39fd8df2292f6ec78b9476d4b3f86a65af5c0c0d222b6534adf44679
playvicio.txt,0,e3b0c44298fc1c149afbf4c8996fb92427ae41e4649b934ca495991b7852b855,somente_pacote,,,somente_pacote,,
samp_log.txt,,,somente_full,,,somente_lite,513297,7c615c1078af26565285beea1b91d4a681685e7e7dc588f6336429ec1667082d
stream.ini,197,e5b4ac3e7797a271660a091bdc0e4663beedcab43acaee2473086ca8f925a148,igual,197,e5b4ac3e7797a271660a091bdc0e4663beedcab43acaee2473086ca8f925a148,igual,197,e5b4ac3e7797a271660a091bdc0e4663beedcab43acaee2473086ca8f925a148
texdb/Optimize_Fps.img,3011,2abbb3b413146d1de9d287de0be1a9c4731e44727958e79c8816a23205740dac,somente_pacote,,,somente_pacote,,
texdb/Optimize_Lag.img,773,63760264ceabbc054a4aa225f11795194ea0ca2f08770b8825f87258f7427e77,somente_pacote,,,somente_pacote,,
texdb/SAMPCOL.img,4253696,7aa1bfcf3aba74b7af0a7314f4437e739b07d6428a9ae19793e699861af7f443,igual,4253696,7aa1bfcf3aba74b7af0a7314f4437e739b07d6428a9ae19793e699861af7f443,igual,4253696,7aa1bfcf3aba74b7af0a7314f4437e739b07d6428a9ae19793e699861af7f443
texdb/cutscene.img,16029696,2c14266a47364899b654c224571773483b1127e878ca49a86662af59ee3edc3c,somente_pacote,,,somente_pacote,,
texdb/cutscene/cutscene.dxt.dat,5731070,f48bd34c47a72ddf189c3334c8d56109cd8e06615004e051da0a6945709ccf17,somente_pacote,,,somente_pacote,,
texdb/cutscene/cutscene.dxt.tmb,19440,a02e47b792da67977141eb480f3521cae6b9a0db897b48de77e627e995a6b6ac,somente_pacote,,,somente_pacote,,
texdb/cutscene/cutscene.dxt.toc,1628,0956261f295b8140b86635da6c7dece3e70fa85fdf3fdbf903aace07e6beaef6,somente_pacote,,,somente_pacote,,
texdb/cutscene/cutscene.etc.dat,5482370,d49a514f70d3f9e3d9edb0132977a17041aa476675388b2b41e99bd338e435c3,somente_pacote,,,somente_pacote,,
texdb/cutscene/cutscene.etc.tmb,20784,d28949e5a96870905d938dd61db56cfb8ea5ff7e3ebcd1bd35ddfb27acfc7930,somente_pacote,,,somente_pacote,,
texdb/cutscene/cutscene.etc.toc,1628,b546d49a576ca2bbf126a6522f5b7d28a54cf31ebc6abc11207b08569a9a0edb,somente_pacote,,,somente_pacote,,
texdb/cutscene/cutscene.pvr.dat,3614492,2819495c09c9b9958500576f74cb6f8d99b0dd4e611ad71156e84a5129c05f58,somente_pacote,,,somente_pacote,,
texdb/cutscene/cutscene.pvr.tmb,30608,b8e60897469b738e7ad4018cb8750c2b30e098152b07eeaa75046130f8d17645,somente_pacote,,,somente_pacote,,
texdb/cutscene/cutscene.pvr.toc,1628,99b4e1b255e88effa0c8d8e064d6888e8d493de07337cdfcf59c32c633d348a2,somente_pacote,,,somente_pacote,,
texdb/cutscene/cutscene.txt,24626,48e9f39481b3cf6214883918901e98d6f1d4984a79ec5e35f8067c6b3414f27d,somente_pacote,,,somente_pacote,,
texdb/cutscene/cutscene.unc.tmb,56304,6c533dc46167a0343e803c8a29e28a8546582c8e9658e3caa819abe5fced396b,somente_pacote,,,somente_pacote,,
texdb/gta3.img,432506880,c28059458162ebff2f230cd6bd7c7f462330e2a42e58d11c9deaf0ff83ebb51f,diferente,769220608,196e80a776d65c08153e05a130ef13f12a77b4c3b60e6fb465dda0632cd5f59d,diferente,283521024,103902ea06b479b146d54255e7a8f949b162d790f3de81c67f6c67ea07f34a3f
texdb/gta3/gta3.dxt.dat,208706912,1448a2e15529b517584f0c98270b5a96dcd298441dc524db9ad4f12162a29a9c,diferente,705781872,28e2088378f00bf541a720511e352a0330592446530f25f35d412d13e827315b,diferente,185311596,79e0566462661e4885d5f47ac46fd06ddc6d345e7a5fe442c1aed2f4341132b0
texdb/gta3/gta3.dxt.tmb,522256,701a9a0b2a771018c6d06ed17afc8483b9e913f83a035919ecdc541ad0630817,diferente,611884,63d077c9b2bfff8519bb972d023d563010ee6177a5317290767c04241a46f143,diferente,525340,3d72758835ee48e2eb3ca5daed2182c51875c34fee6f565ccb28960ba6026703
texdb/gta3/gta3.dxt.toc,51084,7ad84d34b8d31a62b1154971668fa67917dab343d5d859fbefbf1c36807ec80d,diferente,52532,63faebaa9c2cc6fb3a85cbe8923ab00ab38d0e207c94f26cc9e1a1a68f5098c1,diferente,49784,9ad37202e0b1e561a1d55043f5f63b5a3583ec8c10da6bcc040eecdd01464e22
texdb/gta3/gta3.etc.dat,208706912,1448a2e15529b517584f0c98270b5a96dcd298441dc524db9ad4f12162a29a9c,diferente,705781872,28e2088378f00bf541a720511e352a0330592446530f25f35d412d13e827315b,diferente,185725552,33402a7b6c1511fe318cc5cb5dcc90184542ff89fb0b643f74c556832ebc849a
texdb/gta3/gta3.etc.tmb,522256,701a9a0b2a771018c6d06ed17afc8483b9e913f83a035919ecdc541ad0630817,diferente,611884,63d077c9b2bfff8519bb972d023d563010ee6177a5317290767c04241a46f143,diferente,575452,cbc8a608f90a8c0100be51a6bcf9201743011e979420f35af9a054c5b2187b04
texdb/gta3/gta3.etc.toc,51084,7ad84d34b8d31a62b1154971668fa67917dab343d5d859fbefbf1c36807ec80d,diferente,52532,63faebaa9c2cc6fb3a85cbe8923ab00ab38d0e207c94f26cc9e1a1a68f5098c1,diferente,49784,185dd0c30522d8c59e6e24dab546827a199b1743347e4afcc0e6bbda48412ca1
texdb/gta3/gta3.pvr.dat,208706912,1448a2e15529b517584f0c98270b5a96dcd298441dc524db9ad4f12162a29a9c,diferente,705781872,28e2088378f00bf541a720511e352a0330592446530f25f35d412d13e827315b,diferente,115205762,c3ebb8b6fbdb0bf19a01be8571556facbf9e11d105d2fb026c82b635d6a19bac
texdb/gta3/gta3.pvr.tmb,522256,701a9a0b2a771018c6d06ed17afc8483b9e913f83a035919ecdc541ad0630817,diferente,611884,63d077c9b2bfff8519bb972d023d563010ee6177a5317290767c04241a46f143,diferente,794396,d85ee5dd4a5b6ea7d9b3be64317b0b9896aef7204125162042f4148f9d8bd5b0
texdb/gta3/gta3.pvr.toc,51084,7ad84d34b8d31a62b1154971668fa67917dab343d5d859fbefbf1c36807ec80d,diferente,52532,63faebaa9c2cc6fb3a85cbe8923ab00ab38d0e207c94f26cc9e1a1a68f5098c1,diferente,49784,9d3839e3acd2666f20e8228b83dd85e269e18ea09463159af385ad5a5cf36164
texdb/gta3/gta3.txt,786069,ecbc97fa1d652febfb2f3ff8a905e177f05713910034650693bc6427b4772e23,diferente,819988,7ed1f95f5ceb44b30d99377ff8ffbaaee52168654833035d961a38680694ac44,diferente,792665,7927cde446ee153468c649ea590031aefca5332b80474ad4dc9b3cda978b6ace
texdb/gta3/gta3.unc.tmb,1573648,a6bfa1e694791a342cad0ef0a0e27e430a195ca94c0e1cebb4ce316556526199,diferente,1486252,faedc41a84fe0dfc2524183ff37d0e0e48de72c4a06d4cafcc694f7e02a9a6a2,diferente,1457212,3c7f3db170aef9908bbe4de04aa2d45ba4a2b0aecb6934d9b2f10bae62bd1a98
texdb/gta_int.img,44836864,8734b103d0b3004042f36902d15246af53c59a7c42773f1a44fc7cc21d21c5cf,igual,44836864,8734b103d0b3004042f36902d15246af53c59a7c42773f1a44fc7cc21d21c5cf,igual,44836864,8734b103d0b3004042f36902d15246af53c59a7c42773f1a44fc7cc21d21c5cf
texdb/gta_int/gta_int.dxt.dat,45302522,2d4041768fac0dd9b9d5898475bb823d9cfa52b102c8cc013f1770c6d0067ad7,diferente,48441188,e2fb20b872d4a3d6341a48e174ab368f8c1858e441dc42040541055acaf5ad74,diferente,13592262,f513a83e9140964f97e47e0e11b6c71bdddd66e610423a97bc8b447d0c4a09bb
texdb/gta_int/gta_int.dxt.tmb,115834,cd7564423d8be1104cd0031c031b7cb2ecc5b5548d729eea74f190cce2d6c67b,diferente,141674,250363bacf7f3eb14746c897c5793a08662dd08395f224f0cf2b69f11a584da3,diferente,663408,06e2e0ddaa32d7cc468085fa53cf9cfd5fc96ec73620fd45c166e9f6492f7c31
texdb/gta_int/gta_int.dxt.toc,10168,67b992762631b9a31c694c1e324aa62393bd81319a3dd74a6e3cded9bf3adf1f,diferente,10168,33ef48f0a26bb59b2d4ee5ff9be0473a62c8e527ab48e2903671cc5042ad5d43,diferente,10132,391f315125cc05fb358be3a32d29beab3230fe5029a09300f78cc6174ffea037
texdb/gta_int/gta_int.etc.dat,45302522,2d4041768fac0dd9b9d5898475bb823d9cfa52b102c8cc013f1770c6d0067ad7,diferente,48441188,e2fb20b872d4a3d6341a48e174ab368f8c1858e441dc42040541055acaf5ad74,diferente,21742444,eb4fb3fc0c82daabe8c8dd7097dd75be374c303d22257cbac21dc946103add92
texdb/gta_int/gta_int.etc.tmb,115834,cd7564423d8be1104cd0031c031b7cb2ecc5b5548d729eea74f190cce2d6c67b,diferente,141674,250363bacf7f3eb14746c897c5793a08662dd08395f224f0cf2b69f11a584da3,diferente,663408,06e2e0ddaa32d7cc468085fa53cf9cfd5fc96ec73620fd45c166e9f6492f7c31
texdb/gta_int/gta_int.etc.toc,10168,67b992762631b9a31c694c1e324aa62393bd81319a3dd74a6e3cded9bf3adf1f,diferente,10168,33ef48f0a26bb59b2d4ee5ff9be0473a62c8e527ab48e2903671cc5042ad5d43,diferente,10132,3a477b4c2c55fc89289bef016e86da9c54025d99a365782dd43b5021a1fa1315
texdb/gta_int/gta_int.pvr.dat,45302522,2d4041768fac0dd9b9d5898475bb823d9cfa52b102c8cc013f1770c6d0067ad7,diferente,48441188,e2fb20b872d4a3d6341a48e174ab368f8c1858e441dc42040541055acaf5ad74,diferente,9466002,5f639304990be0429cee8b3724696961f715d34acc0b60f1db2b7bacb7d4f242
texdb/gta_int/gta_int.pvr.tmb,115834,cd7564423d8be1104cd0031c031b7cb2ecc5b5548d729eea74f190cce2d6c67b,diferente,141674,250363bacf7f3eb14746c897c5793a08662dd08395f224f0cf2b69f11a584da3,diferente,663408,06e2e0ddaa32d7cc468085fa53cf9cfd5fc96ec73620fd45c166e9f6492f7c31
texdb/gta_int/gta_int.pvr.toc,10168,67b992762631b9a31c694c1e324aa62393bd81319a3dd74a6e3cded9bf3adf1f,diferente,10168,33ef48f0a26bb59b2d4ee5ff9be0473a62c8e527ab48e2903671cc5042ad5d43,diferente,10132,84ef33b18bbfcdfa951c24051ea2106da588193fea3f6d7fffd68b04445bf92e
texdb/gta_int/gta_int.txt,155570,12c9502d9bdc97e3e8a4f064f7ffc4fe7cdefd05cd0a080425780356c23878a8,diferente,154263,e9fa99a958fe16db1fe041846dfc413152cbdc4f36ba214ef9f28dfc077166eb,diferente,174099,0f27dacdd2ab27a25bb39209ba414487d6b72f899d0689e12ce8a52be180129a
texdb/gta_int/gta_int.unc.tmb,332314,6811d408335c27629bfd78bffe546d95d38f4ce11bd9f231a26144727b4001b9,diferente,352202,2ec8d0e2bdcabf1bf71552a8573dcf4095d4c3bcb83558224b0136d726db0676,diferente,663408,06e2e0ddaa32d7cc468085fa53cf9cfd5fc96ec73620fd45c166e9f6492f7c31
texdb/menu/menu.dxt.dat,7799478,d4e2e3454e18a2013ecc12707deb4334fbc87b3353279327704dc74bcd237314,igual,7799478,d4e2e3454e18a2013ecc12707deb4334fbc87b3353279327704dc74bcd237314,diferente,5187414,a85b33f999c8a1610b9b74cf5c2482be9b3ad0a0a672e80c9083ecab60bd6b2e
texdb/menu/menu.dxt.tmb,860,d2b94349457957a1e396a6d2735366f1161b628a797178c7edea4d15230d6dec,igual,860,d2b94349457957a1e396a6d2735366f1161b628a797178c7edea4d15230d6dec,diferente,992,96599055d1d930276628d6d1bc9822e2b2cc1db0970fa7e36d2fcd9c97f18192
texdb/menu/menu.dxt.toc,176,d408caead030999dc56e7d699de75d28e3d34ca9e6a309fecf12f835d9701518,igual,176,d408caead030999dc56e7d699de75d28e3d34ca9e6a309fecf12f835d9701518,diferente,176,8f733f7692f08e3340638c67458e77f0eb6e0d4a3d3494305930c7c179e78f58
texdb/menu/menu.etc.dat,10822324,d6806c4cda8738978895c8b166a172b38421c408c4183fb5884ad977c1076c37,igual,10822324,d6806c4cda8738978895c8b166a172b38421c408c4183fb5884ad977c1076c37,diferente,6472908,99a042f54465c00c780c8f5a7dafdadea6b4c773762c99d551a46b96dfa90af9
texdb/menu/menu.etc.tmb,860,d2b94349457957a1e396a6d2735366f1161b628a797178c7edea4d15230d6dec,igual,860,d2b94349457957a1e396a6d2735366f1161b628a797178c7edea4d15230d6dec,diferente,992,96599055d1d930276628d6d1bc9822e2b2cc1db0970fa7e36d2fcd9c97f18192
texdb/menu/menu.etc.toc,176,0e59d5142de0606847ed2a494f184b867f5842a800f5bd4c66011cdcdf777721,igual,176,0e59d5142de0606847ed2a494f184b867f5842a800f5bd4c66011cdcdf777721,diferente,176,57df8ad68dabf02c3b17056e9d025454a832d8c9dcece2662d2254e6f917bc08
texdb/menu/menu.pvr.dat,10822324,d6806c4cda8738978895c8b166a172b38421c408c4183fb5884ad977c1076c37,igual,10822324,d6806c4cda8738978895c8b166a172b38421c408c4183fb5884ad977c1076c37,diferente,6472908,99a042f54465c00c780c8f5a7dafdadea6b4c773762c99d551a46b96dfa90af9
texdb/menu/menu.pvr.tmb,860,d2b94349457957a1e396a6d2735366f1161b628a797178c7edea4d15230d6dec,igual,860,d2b94349457957a1e396a6d2735366f1161b628a797178c7edea4d15230d6dec,diferente,992,96599055d1d930276628d6d1bc9822e2b2cc1db0970fa7e36d2fcd9c97f18192
texdb/menu/menu.pvr.toc,176,0e59d5142de0606847ed2a494f184b867f5842a800f5bd4c66011cdcdf777721,igual,176,0e59d5142de0606847ed2a494f184b867f5842a800f5bd4c66011cdcdf777721,diferente,176,57df8ad68dabf02c3b17056e9d025454a832d8c9dcece2662d2254e6f917bc08
texdb/menu/menu.txt,3342,21d302f3b94f773d20ea273a50c564df6237fbc935d7f280f4330ccf57d1bcc9,diferente,3386,4a5a444fc2c9c810731f431012292cf8ace1fe5166b2473db49ce1a6027e76f5,diferente,3147,f904d36986aeab21df31f9f9ee88373b67d608446e0492db061008aa8192a59f
texdb/menu/menu.unc.tmb,860,d2b94349457957a1e396a6d2735366f1161b628a797178c7edea4d15230d6dec,somente_pacote,,,diferente,992,96599055d1d930276628d6d1bc9822e2b2cc1db0970fa7e36d2fcd9c97f18192
texdb/mobile/mobile.dxt.dat,6644840,41c26659c06b81e82cd770ce6877aae35b49977702255ff439714665ed645f8f,diferente,42334096,89330024383d813f73e86857e5255ddb552a8977c28906a5bea02486d287aa56,diferente,7267946,4a07efb62967b47e4d120c668bdf22adc84ad8a465b2c941adad980e74568a98
texdb/mobile/mobile.dxt.tmb,9380,b8ba940bbcc9c58841fe3e14bf59c81e0d660b68bcce75a6cd44d4fc88b68c3d,diferente,22140,48de5ea0ff65b2f64b4022aa3d9a5bd9a3e851b5522b3abb656cb7931c88da7e,diferente,3940,e01faca8b96b097667bb267df0a4727c1e8a9bb5f47a724e0d532623fd7dd57a
texdb/mobile/mobile.dxt.toc,792,6926866f8a195634e05513d489072a0d18df7af6d1ec918a33b61edbf0d49f26,diferente,896,d8bc3abc496796e8891e28bf80eccd81f43d4549582020a1c471cbc7266af765,diferente,792,47aad4ba5a98825c1976f8b40fb8581c6eceab00f9f831008239e2cd69631cad
texdb/mobile/mobile.etc.dat,7781230,a383ae544d08fe289a31cd33843794f195e06d2418d6b4928d86c97816b301bd,diferente,42334096,89330024383d813f73e86857e5255ddb552a8977c28906a5bea02486d287aa56,diferente,8712314,2c61dc817b97157b3ab0ddd2cc8fbc8dd92a427a814c3e07e396cda0154bfd9d
texdb/mobile/mobile.etc.tmb,9380,b8ba940bbcc9c58841fe3e14bf59c81e0d660b68bcce75a6cd44d4fc88b68c3d,diferente,22140,48de5ea0ff65b2f64b4022aa3d9a5bd9a3e851b5522b3abb656cb7931c88da7e,diferente,3940,e01faca8b96b097667bb267df0a4727c1e8a9bb5f47a724e0d532623fd7dd57a
texdb/mobile/mobile.etc.toc,792,04f846be4548aca8c66fe03f889af716602c78a45414db4b28d6531bf87391ae,diferente,896,d8bc3abc496796e8891e28bf80eccd81f43d4549582020a1c471cbc7266af765,diferente,792,8bbf2aa2ea703c3c286076805c36d4e8397a074be65b1a16a3928026651f4403
texdb/mobile/mobile.pvr.dat,7781230,5f7e4bdaaab7a2df7f7d728ec4f8e6c6c0ae56fa396a2663d94ef6dd762288da,diferente,42334096,89330024383d813f73e86857e5255ddb552a8977c28906a5bea02486d287aa56,diferente,8712314,e9e54b41d5e161c14939ed05fed28ea037a54ebe1a2df83b136bc632c408b793
texdb/mobile/mobile.pvr.tmb,9380,b8ba940bbcc9c58841fe3e14bf59c81e0d660b68bcce75a6cd44d4fc88b68c3d,diferente,22140,48de5ea0ff65b2f64b4022aa3d9a5bd9a3e851b5522b3abb656cb7931c88da7e,diferente,3940,e01faca8b96b097667bb267df0a4727c1e8a9bb5f47a724e0d532623fd7dd57a
texdb/mobile/mobile.pvr.toc,792,04f846be4548aca8c66fe03f889af716602c78a45414db4b28d6531bf87391ae,diferente,896,d8bc3abc496796e8891e28bf80eccd81f43d4549582020a1c471cbc7266af765,diferente,792,8bbf2aa2ea703c3c286076805c36d4e8397a074be65b1a16a3928026651f4403
texdb/mobile/mobile.txt,12793,a45a87f12e9cb5e7b1a91b81aade14dfc5110d8a2386adffec07db5f663eecaa,diferente,13672,a9f01dcc6d55428877e67de85b3a3611f7b539685c45e53bd6d69e36e83d6bb7,diferente,14502,b749f29e3c8a3b2e6d386d13b1657f082133563c0b5a87067171568b3713f4fa
texdb/mobile/mobile.unc.tmb,27620,8313d7c92cafb125a3cb0e5c26c588baa1bcf99de886023e97fd88db1239e999,diferente,51132,42cdbf6fbcaf450be0935b995a839cba79bf8af3b060edb503932600cf37b191,diferente,3940,e01faca8b96b097667bb267df0a4727c1e8a9bb5f47a724e0d532623fd7dd57a
texdb/patch_medium.img,773,63760264ceabbc054a4aa225f11795194ea0ca2f08770b8825f87258f7427e77,somente_pacote,,,somente_pacote,,
texdb/player.img,16412672,8283bef75a863a98198ad6b1e78b082efcbc46d4b5015a69e35c78f4500149df,igual,16412672,8283bef75a863a98198ad6b1e78b082efcbc46d4b5015a69e35c78f4500149df,igual,16412672,8283bef75a863a98198ad6b1e78b082efcbc46d4b5015a69e35c78f4500149df
texdb/player/player.pvr.dat,6569414,0ef2166249ad92f3329d2818b83bb091a083614a86dfc7b51cfe786f4db521ca,igual,6569414,0ef2166249ad92f3329d2818b83bb091a083614a86dfc7b51cfe786f4db521ca,igual,6569414,0ef2166249ad92f3329d2818b83bb091a083614a86dfc7b51cfe786f4db521ca
texdb/player/player.pvr.tmb,6940,c5a2a096fd89c2117bbd78b23950893194d24a747228e57508249d32ee5a8a05,igual,6940,c5a2a096fd89c2117bbd78b23950893194d24a747228e57508249d32ee5a8a05,igual,6940,c5a2a096fd89c2117bbd78b23950893194d24a747228e57508249d32ee5a8a05
texdb/player/player.pvr.toc,1580,0806e857b570f655a57507e90a862afd7f850536128d11d2a94204306ca41192,igual,1580,0806e857b570f655a57507e90a862afd7f850536128d11d2a94204306ca41192,igual,1580,0806e857b570f655a57507e90a862afd7f850536128d11d2a94204306ca41192
texdb/player/player.txt,27810,a2f4d3c7803614505c7c5d964afeda5f5e0dc180e4d62fb87a332e1238dee9af,diferente,28205,d4672dd329c338d1b5f2867980e26055b8810f54cbaefc2c609049bef93e880c,igual,27810,a2f4d3c7803614505c7c5d964afeda5f5e0dc180e4d62fb87a332e1238dee9af
texdb/playerhi/playerhi.pvr.dat,27658902,16f48f03270d91d65d2f84b1b321fee066ddad49fdba2ae433ed48e868fa16cc,diferente,16777216,ee25af7971ef6df648b93684f0c5ddaec8686e1fba4c48cec691f48365148d46,igual,27658902,16f48f03270d91d65d2f84b1b321fee066ddad49fdba2ae433ed48e868fa16cc
texdb/playerhi/playerhi.pvr.tmb,6940,e6252f7677f9eca3bcdbc4f6fd02c927c3e337f73e9d90391f51fe53ecd2bb79,somente_pacote,,,igual,6940,e6252f7677f9eca3bcdbc4f6fd02c927c3e337f73e9d90391f51fe53ecd2bb79
texdb/playerhi/playerhi.pvr.toc,1580,c68c8eea457dee5f78b257db0bf867fbde5ef85d6d72216c2c8e8082c7e82979,somente_pacote,,,igual,1580,c68c8eea457dee5f78b257db0bf867fbde5ef85d6d72216c2c8e8082c7e82979
texdb/playerhi/playerhi.txt,28087,38efc90958932e4bc475fbea796152ee15a280e3f2aea88ab6bc360166f7e864,somente_pacote,,,igual,28087,38efc90958932e4bc475fbea796152ee15a280e3f2aea88ab6bc360166f7e864
texdb/samp.img,36902912,c9862e8d7fae6961103d09cfc3771bc8c56e7f2bcbf18e86acaa90a1aca5ecf7,somente_pacote,,,igual,36902912,c9862e8d7fae6961103d09cfc3771bc8c56e7f2bcbf18e86acaa90a1aca5ecf7
texdb/samp/samp.dxt.dat,22800108,65404c466e0b3d804fa4951a5abdbc40bbd337718c35151407b112b343560c89,somente_pacote,,,diferente,22144848,f45a7aa8ed54a6978629cddd8419609d036c3ead26a572a0382da6a2913e474b
texdb/samp/samp.dxt.tmb,20320,d82c0da4aff24b845b7580e6d10034f05f67181c297bae05fd0ba5ad89958183,somente_pacote,,,diferente,21376,1f5ab1ab1e51866cc968392b8b97641e424e219c68ad63b941ebf27f86dc0078
texdb/samp/samp.dxt.toc,6156,8c607e57525bba7463686396fdd79ac7299713b7214ee311d9c7b0f353d912ee,somente_pacote,,,diferente,6176,04c8fad45203b9810dfc319f16bf65ab26cce4d799d0a93174846e1690b2b692
texdb/samp/samp.etc.dat,33858578,1526b2c5d97f5a3985cb1537f6f0ed435936590ab65e8fe83530b768010cab86,somente_pacote,,,diferente,33279656,379e1fdeba51637c8d6fb696ffa4e1cf1ac55a55494482886c2985d933afea0b
texdb/samp/samp.etc.tmb,20320,d82c0da4aff24b845b7580e6d10034f05f67181c297bae05fd0ba5ad89958183,somente_pacote,,,diferente,21376,1f5ab1ab1e51866cc968392b8b97641e424e219c68ad63b941ebf27f86dc0078
texdb/samp/samp.etc.toc,6156,91b2aefd5be0acf1b036e78f6df2c210577f408755dfd83236fd62515121f4c0,somente_pacote,,,diferente,6176,ebcc34611d56968166bc02ccae19b621a6165fa1d5657519b0feb0f67eb317a2
texdb/samp/samp.pvr.dat,14304198,bb630a90f656593aa229a625d25db8061dd8a55cdafa1b504a8320a51a5f0ff6,somente_pacote,,,diferente,13894248,ee1a15bf1217d7d315224517be71c9d6e0ce885c2220fe8afbca91cfec3068d0
texdb/samp/samp.pvr.tmb,20320,d82c0da4aff24b845b7580e6d10034f05f67181c297bae05fd0ba5ad89958183,somente_pacote,,,diferente,21376,1f5ab1ab1e51866cc968392b8b97641e424e219c68ad63b941ebf27f86dc0078
texdb/samp/samp.pvr.toc,6156,4aaef57b08471eaeed700fccdbaee329c3ad15b76c9b058688cd28d74a118dbc,somente_pacote,,,diferente,6176,280bb8e9c10a72c032d3863ce3ef257fe43fedbfcc8ddae02e828e8a1222db69
texdb/samp/samp.txt,89028,40b9ec147f1ad092a2ebd312c892d56fb546c4392338c993a40aeb4db0032469,somente_pacote,,,diferente,89582,4966dfd36797e9e2fd9c1b187771d28356e9a0a83cc448c3b244280bb8960ff2
texdb/samp/samp.unc.dat,33150952,d4a39c9aba926e50475a37d7a56b1eea911891830e0b9b32eeaa4df91888d795,somente_pacote,,,igual,33150952,d4a39c9aba926e50475a37d7a56b1eea911891830e0b9b32eeaa4df91888d795
texdb/samp/samp.unc.tmb,21088,93070d8d32daf423e9e43d77f2d9b2c6d9b6215af34cd9e338f088f9b3eba585,somente_pacote,,,diferente,22528,f9ddbf7601af57ea81768d84aa60a60d6f0a2008858996b38cae04c6452fa903
texdb/samp/samp.unc.toc,6156,f289177c396ea79f114a4d011f349728e1e853fcb93714871aad70c717c9a3c4,somente_pacote,,,igual,6156,f289177c396ea79f114a4d011f349728e1e853fcb93714871aad70c717c9a3c4
texdb/txd/txd.360.dat,7625578,7be10b26bda196a817ce958771416696bfeb6589ce812a39b0ad2ec7ba5fa66b,somente_pacote,,,igual,7625578,7be10b26bda196a817ce958771416696bfeb6589ce812a39b0ad2ec7ba5fa66b
texdb/txd/txd.360.tmb,31028,0734ab4af5cecbcc6e6bb0587af8d43d34b149704afc84c55d5f7e14e03fb9e7,somente_pacote,,,igual,31028,0734ab4af5cecbcc6e6bb0587af8d43d34b149704afc84c55d5f7e14e03fb9e7
texdb/txd/txd.360.toc,2376,04d7d2ba94ff0d8546c2d41ebc3a55ffa3b54bea07efd23ecd5948810623a5cc,somente_pacote,,,igual,2376,04d7d2ba94ff0d8546c2d41ebc3a55ffa3b54bea07efd23ecd5948810623a5cc
texdb/txd/txd.dxt.dat,11027052,5b3c2fc892de21f706dee94339333eef5356b9835e5cf9dabd7d228eed83fb4d,somente_pacote,,,diferente,7625578,9ad23cc59e93292607b8324bc83042e8f739bd90d3743eb630fcc9c57d2ebcb9
texdb/txd/txd.dxt.tmb,47740,86f3060acc7633a5f913bd0e26494e4310065f245013bbf6b36c6783b90664ae,somente_pacote,,,diferente,31028,4eb8d594f596a428064202633719a92f33078e50afab716930dc48aebff3603a
texdb/txd/txd.dxt.toc,3184,033653c6fadcc2083057414032861bdd580fc34d9e741d497536cd177600115b,somente_pacote,,,diferente,2376,06249934b9ad2b96dc759c5cffc212d47d0eeaf28d64197c0002f76ffaceb2b4
texdb/txd/txd.etc.dat,11027052,5b3c2fc892de21f706dee94339333eef5356b9835e5cf9dabd7d228eed83fb4d,somente_pacote,,,diferente,9422056,334da08bbea999d761e2b0fd1e438b904d4fed634c34fe8dabe741d087602d92
texdb/txd/txd.etc.tmb,47740,86f3060acc7633a5f913bd0e26494e4310065f245013bbf6b36c6783b90664ae,somente_pacote,,,diferente,49460,9a8be97a60ebed79ecb7523144115451b59841b0249f6671164655433c4d29bb
texdb/txd/txd.etc.toc,3184,033653c6fadcc2083057414032861bdd580fc34d9e741d497536cd177600115b,somente_pacote,,,diferente,2376,96273b1bfc990b78023e553659b01807c36966fd437d21ebfe1f54dc86355c1a
texdb/txd/txd.pvr.dat,11027052,5b3c2fc892de21f706dee94339333eef5356b9835e5cf9dabd7d228eed83fb4d,somente_pacote,,,diferente,7716880,026ab12478e6fbf847540c0ff5137d54dfae3b4e14351dd6aabbae75e92df87a
texdb/txd/txd.pvr.tmb,47740,86f3060acc7633a5f913bd0e26494e4310065f245013bbf6b36c6783b90664ae,somente_pacote,,,diferente,25204,870caaf588e1b1a6c9200925111cab4e0958bf00cc3d1fec80ad7f1d5d59c480
texdb/txd/txd.pvr.toc,3184,033653c6fadcc2083057414032861bdd580fc34d9e741d497536cd177600115b,somente_pacote,,,diferente,2376,f1918fa7829172a98ccbf5ac79e7299363a0077b3745748c6714903c57c4e1c2
texdb/txd/txd.txt,50585,a48429c324ec2caabc1cc7bdd24bdf63adde3f452c4037f4401823a9c12a4c6d,somente_pacote,,,diferente,43193,4feef74e4628ac9310ebd378be086cc1a998467e90eabd6e9d32d6bec1424810
texdb/txd/txd.unc.tmb,130780,845a4f0b8197118aabbdc48835f3f4f5d099255c195af3f01cad15bd7a984ecc,somente_pacote,,,diferente,59636,7d21fa5a205a1a1e00a91ccce32fe6ade3cda48f936b773fdadb91de978fdbb9
texdb/vicio/vicio.dxt.dat,23244450,1a826bbd0e4bad4fe2dd03d90dca0664ad4bb69e9756904d9e38be758cfb97c0,somente_pacote,,,somente_pacote,,
texdb/vicio/vicio.dxt.tmb,54492,c51b884fa032fc5ecf029d1643addbf282dc51c9ea4c9439022e020f3d7fd951,somente_pacote,,,somente_pacote,,
texdb/vicio/vicio.dxt.toc,864,2330159d855d6b05c735bce7a3ebaa96a549a9786be7c8c9232162af1a865f52,somente_pacote,,,somente_pacote,,
texdb/vicio/vicio.etc.dat,23244450,1a826bbd0e4bad4fe2dd03d90dca0664ad4bb69e9756904d9e38be758cfb97c0,somente_pacote,,,somente_pacote,,
texdb/vicio/vicio.etc.tmb,54492,c51b884fa032fc5ecf029d1643addbf282dc51c9ea4c9439022e020f3d7fd951,somente_pacote,,,somente_pacote,,
texdb/vicio/vicio.etc.toc,864,2330159d855d6b05c735bce7a3ebaa96a549a9786be7c8c9232162af1a865f52,somente_pacote,,,somente_pacote,,
texdb/vicio/vicio.pvr.dat,23244450,1a826bbd0e4bad4fe2dd03d90dca0664ad4bb69e9756904d9e38be758cfb97c0,somente_pacote,,,somente_pacote,,
texdb/vicio/vicio.pvr.tmb,54492,c51b884fa032fc5ecf029d1643addbf282dc51c9ea4c9439022e020f3d7fd951,somente_pacote,,,somente_pacote,,
texdb/vicio/vicio.pvr.toc,864,2330159d855d6b05c735bce7a3ebaa96a549a9786be7c8c9232162af1a865f52,somente_pacote,,,somente_pacote,,
texdb/vicio/vicio.txt,12738,87571f2d8e05b0618e947ebd2426479ad9c4db525adbd6d9a07c97f88d01c391,somente_pacote,,,somente_pacote,,
vehicleAudioSettings.cfg,56871,c6f78c0d312d1d7c407db829da5c0c0f260b6d9b151de2fcaabe2ae5b260efdd,somente_pacote,,,somente_pacote,,
